#ifndef HELLO_WORLD_MODEL_DATA_H 
#define HELLO_WORLD_MODEL_DATA_H 
const unsigned char model[] alignas(16) = {
    0x1c, 0x00, 0x00, 0x00, 0x54, 0x46, 0x4c, 0x33, 0x14, 0x00, 0x20, 0x00,
    0x1c, 0x00, 0x18, 0x00, 0x14, 0x00, 0x10, 0x00, 0x0c, 0x00, 0x00, 0x00,
    0x08, 0x00, 0x04, 0x00, 0x14, 0x00, 0x00, 0x00, 0x1c, 0x00, 0x00, 0x00,
    0x98, 0x00, 0x00, 0x00, 0xf0, 0x00, 0x00, 0x00, 0x18, 0x47, 0x00, 0x00,
    0x28, 0x47, 0x00, 0x00, 0xec, 0x4c, 0x00, 0x00, 0x03, 0x00, 0x00, 0x00,
    0x01, 0x00, 0x00, 0x00, 0x10, 0x00, 0x00, 0x00, 0x00, 0x00, 0x0a, 0x00,
    0x10, 0x00, 0x0c, 0x00, 0x08, 0x00, 0x04, 0x00, 0x0a, 0x00, 0x00, 0x00,
    0x0c, 0x00, 0x00, 0x00, 0x1c, 0x00, 0x00, 0x00, 0x3c, 0x00, 0x00, 0x00,
    0x0f, 0x00, 0x00, 0x00, 0x73, 0x65, 0x72, 0x76, 0x69, 0x6e, 0x67, 0x5f,
    0x64, 0x65, 0x66, 0x61, 0x75, 0x6c, 0x74, 0x00, 0x01, 0x00, 0x00, 0x00,
    0x04, 0x00, 0x00, 0x00, 0x90, 0xff, 0xff, 0xff, 0x09, 0x00, 0x00, 0x00,
    0x04, 0x00, 0x00, 0x00, 0x08, 0x00, 0x00, 0x00, 0x6f, 0x75, 0x74, 0x70,
    0x75, 0x74, 0x5f, 0x30, 0x00, 0x00, 0x00, 0x00, 0x01, 0x00, 0x00, 0x00,
    0x04, 0x00, 0x00, 0x00, 0x76, 0xba, 0xff, 0xff, 0x04, 0x00, 0x00, 0x00,
    0x0e, 0x00, 0x00, 0x00, 0x6b, 0x65, 0x72, 0x61, 0x73, 0x5f, 0x74, 0x65,
    0x6e, 0x73, 0x6f, 0x72, 0x5f, 0x36, 0x00, 0x00, 0x02, 0x00, 0x00, 0x00,
    0x34, 0x00, 0x00, 0x00, 0x04, 0x00, 0x00, 0x00, 0xdc, 0xff, 0xff, 0xff,
    0x0c, 0x00, 0x00, 0x00, 0x04, 0x00, 0x00, 0x00, 0x13, 0x00, 0x00, 0x00,
    0x43, 0x4f, 0x4e, 0x56, 0x45, 0x52, 0x53, 0x49, 0x4f, 0x4e, 0x5f, 0x4d,
    0x45, 0x54, 0x41, 0x44, 0x41, 0x54, 0x41, 0x00, 0x08, 0x00, 0x0c, 0x00,
    0x08, 0x00, 0x04, 0x00, 0x08, 0x00, 0x00, 0x00, 0x0b, 0x00, 0x00, 0x00,
    0x04, 0x00, 0x00, 0x00, 0x13, 0x00, 0x00, 0x00, 0x6d, 0x69, 0x6e, 0x5f,
    0x72, 0x75, 0x6e, 0x74, 0x69, 0x6d, 0x65, 0x5f, 0x76, 0x65, 0x72, 0x73,
    0x69, 0x6f, 0x6e, 0x00, 0x0d, 0x00, 0x00, 0x00, 0x24, 0x46, 0x00, 0x00,
    0x1c, 0x46, 0x00, 0x00, 0x0c, 0x45, 0x00, 0x00, 0xec, 0x44, 0x00, 0x00,
    0xdc, 0x42, 0x00, 0x00, 0xcc, 0x02, 0x00, 0x00, 0xbc, 0x01, 0x00, 0x00,
    0xac, 0x00, 0x00, 0x00, 0xa4, 0x00, 0x00, 0x00, 0x9c, 0x00, 0x00, 0x00,
    0x94, 0x00, 0x00, 0x00, 0x74, 0x00, 0x00, 0x00, 0x04, 0x00, 0x00, 0x00,
    0x26, 0xbb, 0xff, 0xff, 0x04, 0x00, 0x00, 0x00, 0x60, 0x00, 0x00, 0x00,
    0x10, 0x00, 0x00, 0x00, 0x00, 0x00, 0x00, 0x00, 0x08, 0x00, 0x0e, 0x00,
    0x08, 0x00, 0x04, 0x00, 0x08, 0x00, 0x00, 0x00, 0x10, 0x00, 0x00, 0x00,
    0x24, 0x00, 0x00, 0x00, 0x00, 0x00, 0x06, 0x00, 0x08, 0x00, 0x04, 0x00,
    0x06, 0x00, 0x00, 0x00, 0x04, 0x00, 0x00, 0x00, 0x00, 0x00, 0x00, 0x00,
    0x0c, 0x00, 0x18, 0x00, 0x14, 0x00, 0x10, 0x00, 0x0c, 0x00, 0x04, 0x00,
    0x0c, 0x00, 0x00, 0x00, 0x12, 0x50, 0xb0, 0x1a, 0xf7, 0x3d, 0x57, 0x19,
    0x02, 0x00, 0x00, 0x00, 0x02, 0x00, 0x00, 0x00, 0x04, 0x00, 0x00, 0x00,
    0x06, 0x00, 0x00, 0x00, 0x32, 0x2e, 0x32, 0x31, 0x2e, 0x30, 0x00, 0x00,
    0x92, 0xbb, 0xff, 0xff, 0x04, 0x00, 0x00, 0x00, 0x10, 0x00, 0x00, 0x00,
    0x31, 0x2e, 0x35, 0x2e, 0x30, 0x00, 0x00, 0x00, 0x00, 0x00, 0x00, 0x00,
    0x00, 0x00, 0x00, 0x00, 0xf4, 0xb4, 0xff, 0xff, 0xf8, 0xb4, 0xff, 0xff,
    0xfc, 0xb4, 0xff, 0xff, 0xba, 0xbb, 0xff, 0xff, 0x04, 0x00, 0x00, 0x00,
    0x00, 0x01, 0x00, 0x00, 0xf8, 0xee, 0xa2, 0xbd, 0xdb, 0xb2, 0x9f, 0x3d,
    0x00, 0x00, 0x00, 0x00, 0x00, 0x00, 0x00, 0x00, 0x74, 0xdb, 0x0d, 0x3d,
    0x5d, 0x7a, 0x46, 0x3e, 0x00, 0x00, 0x00, 0x00, 0x0b, 0xed, 0x82, 0xbe,
    0x09, 0xf4, 0xb5, 0x3e, 0x00, 0x00, 0x00, 0x00, 0x39, 0x56, 0x61, 0xbe,
    0x97, 0xc0, 0x18, 0xbe, 0xc1, 0x3f, 0xc7, 0x3d, 0x00, 0x00, 0x00, 0x00,
    0xa8, 0xfe, 0xf2, 0xbe, 0x00, 0x00, 0x00, 0x00, 0xb2, 0x8f, 0xa7, 0xbe,
    0x00, 0x00, 0x00, 0x00, 0x93, 0x4e, 0xe3, 0xbe, 0x00, 0x00, 0x00, 0x00,
    0x24, 0x8d, 0x80, 0xbe, 0x87, 0x35, 0xed, 0xbd, 0x14, 0x77, 0xac, 0xbe,
    0x00, 0x00, 0x00, 0x00, 0x42, 0xd7, 0x8f, 0x3d, 0x00, 0x00, 0x00, 0x00,
    0x13, 0x31, 0x94, 0x3e, 0x00, 0x00, 0x00, 0x00, 0x8d, 0x02, 0xb5, 0xbd,
    0x00, 0x00, 0x00, 0x00, 0x74, 0x0b, 0x1c, 0xbc, 0x00, 0x00, 0x00, 0x00,
    0x00, 0x00, 0x00, 0x00, 0x00, 0x00, 0x00, 0x00, 0xcf, 0x8a, 0x8e, 0xbe,
    0x02, 0x3d, 0x84, 0xbd, 0x00, 0x00, 0x00, 0x00, 0x00, 0x00, 0x00, 0x00,
    0x13, 0x72, 0x9c, 0xbe, 0x2a, 0xc1, 0x19, 0xbe, 0xfd, 0x78, 0x23, 0x3d,
    0x00, 0x00, 0x00, 0x00, 0x00, 0x00, 0x00, 0x00, 0x00, 0x00, 0x00, 0x00,
    0x40, 0x3a, 0xcc, 0x3c, 0x31, 0x94, 0x8a, 0xbe, 0xf7, 0x0d, 0xe0, 0xbe,
    0x05, 0x7d, 0x18, 0xbe, 0x00, 0x00, 0x00, 0x00, 0x00, 0x00, 0x00, 0x00,
    0x00, 0x00, 0x00, 0x00, 0x00, 0x00, 0x00, 0x00, 0x52, 0xbf, 0x13, 0x3e,
    0x00, 0x00, 0x00, 0x00, 0x00, 0x00, 0x00, 0x00, 0x3a, 0x34, 0x49, 0xbe,
    0x00, 0x00, 0x00, 0x00, 0x00, 0x00, 0x00, 0x00, 0x00, 0x00, 0x00, 0x00,
    0x00, 0x00, 0x00, 0x00, 0x35, 0x96, 0xce, 0x3e, 0x55, 0xd0, 0xd5, 0xbe,
    0x0f, 0xc0, 0xad, 0xbe, 0x7e, 0x74, 0xd2, 0xbd, 0xc6, 0xbc, 0xff, 0xff,
    0x04, 0x00, 0x00, 0x00, 0x00, 0x01, 0x00, 0x00, 0xc5, 0x7f, 0x98, 0x3e,
    0xe1, 0x26, 0x86, 0x3d, 0x6e, 0x89, 0xff, 0xbd, 0x76, 0x15, 0x92, 0xbd,
    0xc3, 0x84, 0x79, 0x3e, 0xda, 0x66, 0x80, 0x3e, 0x5e, 0x74, 0x96, 0xbd,
    0x21, 0x82, 0x21, 0x3e, 0x0c, 0xdc, 0x80, 0x3e, 0x10, 0x7d, 0xed, 0xbd,
    0x73, 0x3f, 0x6c, 0x3e, 0x57, 0xcc, 0x2a, 0x3e, 0x80, 0x78, 0x52, 0x3e,
    0x79, 0xca, 0x2b, 0xbe, 0x46, 0xa8, 0xea, 0x3d, 0xc2, 0xf9, 0xa2, 0xbd,
    0xd6, 0x85, 0xe2, 0x3d, 0x18, 0x57, 0x11, 0xbd, 0xd2, 0x2f, 0x0a, 0x3e,
    0x6a, 0xe2, 0x85, 0xbe, 0x5e, 0xd5, 0x95, 0x3d, 0x4d, 0x14, 0x8e, 0x3e,
    0x26, 0x85, 0x42, 0x3e, 0xa8, 0x01, 0x48, 0xbd, 0x29, 0xc1, 0xee, 0x3d,
    0xd8, 0xce, 0x4e, 0xbd, 0x41, 0x34, 0xf0, 0x3d, 0x71, 0x77, 0x9a, 0xbe,
    0xb5, 0xce, 0xef, 0x3d, 0x50, 0x1a, 0xcd, 0xbc, 0xe4, 0x1f, 0x07, 0x3f,
    0x8c, 0xd4, 0x81, 0xbd, 0x6f, 0x99, 0x42, 0xbe, 0x6e, 0xff, 0xd4, 0xbd,
    0xe0, 0x01, 0x45, 0x3e, 0x3c, 0x2e, 0xdf, 0x3d, 0x85, 0xc6, 0x4f, 0xbe,
    0xa8, 0x90, 0x66, 0xbe, 0x1e, 0x56, 0xe0, 0x3d, 0x9b, 0xb9, 0x06, 0x3e,
    0x24, 0x0d, 0xde, 0x3d, 0x20, 0x7d, 0x99, 0xbd, 0x72, 0xe1, 0x10, 0xbe,
    0x18, 0xda, 0x8c, 0xbe, 0x57, 0x00, 0x94, 0x3e, 0xaf, 0xf1, 0x0c, 0x3e,
    0x02, 0xd7, 0x53, 0x3e, 0x13, 0x8e, 0x9d, 0x3e, 0x90, 0xf4, 0x93, 0xbc,
    0x62, 0xa8, 0x43, 0xbe, 0x22, 0x3d, 0x86, 0xbe, 0x00, 0x10, 0x87, 0xb8,
    0x6e, 0xbf, 0x3e, 0x3e, 0x7c, 0xe6, 0x81, 0xbe, 0x78, 0xda, 0xa2, 0xbd,
    0xd2, 0xc0, 0x49, 0x3e, 0xe0, 0x3a, 0x4c, 0xbd, 0xe0, 0xbf, 0x78, 0xbc,
    0xf1, 0x75, 0x49, 0xbe, 0x86, 0xc4, 0xd4, 0xbd, 0x5d, 0xcc, 0xaa, 0x3e,
    0xae, 0x83, 0x09, 0x3e, 0x9b, 0x81, 0x83, 0x3e, 0x57, 0xc2, 0x45, 0x3e,
    0xd2, 0xbd, 0xff, 0xff, 0x04, 0x00, 0x00, 0x00, 0x00, 0x40, 0x00, 0x00,
    0x7e, 0x98, 0x00, 0xbe, 0xd0, 0x34, 0x2e, 0x3c, 0xcb, 0x27, 0x22, 0x3e,
    0x00, 0x50, 0x84, 0x3a, 0xfc, 0x06, 0x78, 0x3d, 0x7e, 0x2a, 0xbd, 0x3d,
    0xf9, 0x20, 0x16, 0x3e, 0x3f, 0x2b, 0xc7, 0xbd, 0xe7, 0xa2, 0x4e, 0xbe,
    0xe9, 0xfc, 0x48, 0x3e, 0xfa, 0x8c, 0x86, 0x3d, 0x84, 0x78, 0x3b, 0x3d,
    0x7b, 0x77, 0x4c, 0xbe, 0xc4, 0xe1, 0x1c, 0xbe, 0x8b, 0x12, 0x24, 0x3e,
    0x93, 0x10, 0x1e, 0x3e, 0x58, 0xd2, 0x03, 0xbe, 0xd9, 0x16, 0x08, 0x3e,
    0x50, 0xb3, 0xf5, 0xbc, 0xe8, 0xbb, 0xe5, 0x3c, 0x16, 0x33, 0xc8, 0x3d,
    0xc2, 0x34, 0x25, 0xbe, 0x7e, 0xe9, 0x02, 0xbe, 0xba, 0xb8, 0x86, 0xbd,
    0x60, 0xef, 0xc2, 0xbb, 0x2b, 0x56, 0x18, 0x3e, 0x99, 0xc7, 0xfa, 0xbd,
    0x54, 0x90, 0xad, 0xbd, 0x21, 0x21, 0xda, 0xbd, 0xb8, 0x2f, 0x01, 0xbd,
    0x45, 0xe6, 0x57, 0xbe, 0x13, 0xa7, 0xd2, 0xbd, 0xdc, 0xd2, 0x57, 0x3d,
    0xa8, 0x89, 0x87, 0xbd, 0x02, 0xa1, 0x88, 0xbd, 0x56, 0x2f, 0x5a, 0xbe,
    0x34, 0x72, 0x10, 0xbd, 0xfd, 0x2e, 0x58, 0x3e, 0x54, 0xf0, 0x0e, 0x3d,
    0xc0, 0xc9, 0x27, 0xbc, 0xbe, 0xaf, 0x80, 0xbd, 0x8c, 0x66, 0x02, 0xbe,
    0xd8, 0xb1, 0xe6, 0x3c, 0x54, 0x5c, 0x7e, 0x3d, 0x20, 0xb8, 0x1e, 0xbd,
    0x00, 0x51, 0x3a, 0xbc, 0x94, 0x25, 0x56, 0x3d, 0x28, 0xf7, 0x31, 0xbd,
    0x45, 0x80, 0x46, 0x3e, 0xe6, 0x1d, 0xba, 0x3d, 0x80, 0x91, 0x9d, 0xba,
    0x43, 0x3d, 0x4b, 0xbe, 0xe7, 0x2c, 0xd0, 0xbd, 0x80, 0x54, 0x5d, 0xbb,
    0x53, 0xeb, 0x4c, 0xbe, 0xdc, 0x90, 0xdf, 0xbd, 0x30, 0xeb, 0x8e, 0xbc,
    0x7e, 0xa0, 0x9f, 0xbd, 0xdf, 0x95, 0x35, 0x3e, 0x6c, 0xad, 0x19, 0xbd,
    0xb5, 0x7f, 0x00, 0x3e, 0xa1, 0xb9, 0x4f, 0x3e, 0x42, 0xf6, 0xfd, 0xbd,
    0x67, 0xc9, 0xe1, 0xbd, 0x49, 0xe6, 0x0a, 0x3e, 0x94, 0x84, 0x08, 0x3e,
    0x2a, 0x9f, 0x27, 0xbe, 0xc1, 0x73, 0x50, 0xbe, 0xf5, 0xae, 0x7b, 0xbd,
    0x6e, 0xf9, 0x07, 0xbe, 0x1c, 0xef, 0xea, 0xbd, 0x6c, 0x83, 0x33, 0xbd,
    0x20, 0x8e, 0xbe, 0x3d, 0x9a, 0x43, 0x30, 0xbe, 0xef, 0x02, 0x48, 0xbe,
    0xf2, 0xb8, 0x53, 0xbe, 0xb4, 0xd1, 0x18, 0xbd, 0xf6, 0x78, 0xa2, 0x3d,
    0x57, 0xe2, 0xbc, 0xbd, 0xb4, 0x00, 0x16, 0xbe, 0x9b, 0x89, 0x45, 0xbe,
    0xb1, 0x78, 0x1a, 0x3e, 0x2a, 0xa2, 0xf4, 0xbd, 0x75, 0xf3, 0x41, 0x3e,
    0x23, 0x5b, 0xfd, 0xbd, 0xcd, 0x47, 0xd7, 0x3d, 0x77, 0x5a, 0x3f, 0xbd,
    0x02, 0x4b, 0x45, 0xbe, 0x1a, 0x33, 0x92, 0x3d, 0xcc, 0x55, 0x1f, 0xbe,
    0x30, 0xa2, 0xeb, 0xbd, 0x21, 0x00, 0x20, 0x3e, 0x94, 0x23, 0x92, 0x3d,
    0x2d, 0xfe, 0x20, 0x3e, 0xa7, 0x82, 0x0a, 0xbe, 0x40, 0x69, 0xa9, 0xbd,
    0x6e, 0x15, 0xba, 0x3d, 0x68, 0xa5, 0x44, 0xbd, 0xf1, 0xdb, 0x00, 0x3e,
    0x36, 0xd8, 0x3c, 0x3d, 0x0b, 0x98, 0x50, 0x3e, 0x95, 0xb5, 0x17, 0x3e,
    0x86, 0x4a, 0x24, 0xbe, 0x68, 0x12, 0xbe, 0xbc, 0x1a, 0x14, 0xaa, 0xbd,
    0xb3, 0x3f, 0x4e, 0xbe, 0x2f, 0xa1, 0x3a, 0x3e, 0x23, 0x6e, 0x24, 0x3e,
    0x4e, 0x0e, 0x90, 0x3d, 0x4d, 0xaa, 0xfb, 0x3c, 0x17, 0xc8, 0x43, 0x3e,
    0xb0, 0x7f, 0xac, 0xbd, 0xe6, 0x02, 0xcd, 0xbd, 0xf5, 0xaf, 0xf2, 0xbd,
    0xc0, 0x37, 0x11, 0xbb, 0xa6, 0x78, 0x2e, 0xbe, 0xa9, 0xaa, 0x23, 0xbe,
    0x38, 0x83, 0xc5, 0x3c, 0x3e, 0x75, 0xa6, 0xbd, 0x33, 0x41, 0x0c, 0x3e,
    0xb7, 0x44, 0x07, 0x3e, 0x2c, 0xeb, 0x43, 0x3d, 0x0f, 0xc4, 0x21, 0x3e,
    0x41, 0x21, 0xcb, 0xbd, 0x6e, 0x69, 0x90, 0xbd, 0xf8, 0x1e, 0xff, 0x3c,
    0x54, 0x7d, 0x51, 0x3e, 0x54, 0x1d, 0x40, 0x3d, 0x82, 0x54, 0x59, 0xbe,
    0xb8, 0x38, 0xa8, 0x3d, 0xd4, 0x10, 0x51, 0xbe, 0x93, 0xe3, 0xe1, 0xbd,
    0x75, 0xd7, 0x58, 0xbd, 0xfb, 0x2b, 0xeb, 0xbd, 0x58, 0x2f, 0xee, 0x3c,
    0x33, 0xb2, 0x52, 0x3e, 0xd6, 0x1c, 0x9c, 0xba, 0x67, 0xa9, 0x26, 0xbe,
    0xbc, 0x53, 0x4e, 0xbd, 0x5d, 0xab, 0x0e, 0x3e, 0xa0, 0x0a, 0x85, 0x3d,
    0x08, 0x25, 0x5c, 0xbd, 0x18, 0x14, 0x59, 0xbd, 0x68, 0xed, 0xca, 0xbc,
    0xbe, 0xe4, 0x81, 0x3d, 0xf0, 0xbe, 0x15, 0xbd, 0x2b, 0xee, 0x2f, 0x3e,
    0xae, 0xc0, 0x97, 0xbd, 0x2f, 0x92, 0x2d, 0xbe, 0x8f, 0x77, 0x32, 0x3e,
    0x46, 0xf8, 0x97, 0x3d, 0xef, 0x02, 0x01, 0xbe, 0xe7, 0x72, 0x8f, 0x3d,
    0x39, 0x4f, 0x10, 0x3e, 0x37, 0x38, 0x2c, 0xbe, 0x82, 0x06, 0x80, 0x3d,
    0xfd, 0x23, 0x05, 0x3e, 0x98, 0x52, 0xbf, 0xbc, 0x16, 0xed, 0x09, 0xbe,
    0x58, 0x58, 0x32, 0xbe, 0xcb, 0x3f, 0x26, 0x3e, 0xa7, 0x30, 0x4e, 0x3e,
    0xbb, 0x66, 0x4c, 0xbe, 0xc4, 0x24, 0x19, 0x3d, 0x60, 0x63, 0x0f, 0xbc,
    0x5d, 0xcc, 0x39, 0x3e, 0x00, 0x76, 0x01, 0xbb, 0x11, 0x73, 0x03, 0x3e,
    0x97, 0x73, 0x5a, 0xbe, 0xf6, 0xc5, 0xa0, 0x3d, 0x59, 0x65, 0x20, 0x3e,
    0x72, 0x1c, 0xd7, 0x3d, 0x2b, 0x50, 0xfe, 0x3d, 0x19, 0x83, 0x48, 0xbe,
    0xbc, 0x45, 0x2f, 0x3d, 0xce, 0x18, 0x72, 0xbd, 0x66, 0x84, 0xf3, 0x3d,
    0x00, 0x60, 0x6a, 0xb9, 0x3e, 0xde, 0x28, 0xbe, 0xc8, 0xf0, 0x12, 0xbd,
    0x8b, 0x51, 0x75, 0x3d, 0x40, 0x3f, 0x03, 0xbb, 0x78, 0x93, 0x3d, 0xbe,
    0xec, 0x44, 0xa4, 0x3d, 0x66, 0x1c, 0xfa, 0x3d, 0x63, 0xc5, 0x0c, 0xbe,
    0xa1, 0x11, 0x5c, 0x3e, 0x53, 0xcc, 0x0b, 0x3e, 0xd8, 0xc2, 0xbe, 0x3d,
    0x6c, 0x33, 0x64, 0x3d, 0x29, 0xde, 0x99, 0xbd, 0x20, 0x12, 0xda, 0x3d,
    0x5a, 0x78, 0x1a, 0x3d, 0x36, 0xac, 0x4b, 0x3e, 0x64, 0xea, 0x3a, 0x3d,
    0xb0, 0x0c, 0xa8, 0xbc, 0x87, 0x5e, 0x0a, 0xbe, 0x8f, 0x21, 0x9a, 0x3d,
    0xf0, 0x74, 0x43, 0xbd, 0x52, 0x3c, 0xdc, 0xbd, 0xd6, 0x02, 0x2a, 0xbe,
    0xe6, 0x03, 0xb6, 0x3d, 0x98, 0x35, 0x65, 0x3e, 0xda, 0x60, 0x1f, 0xbe,
    0x3a, 0xf5, 0x95, 0xbd, 0x66, 0xdf, 0x94, 0x3d, 0x5d, 0x67, 0x47, 0xbd,
    0x98, 0xef, 0xd7, 0xbc, 0xbe, 0x70, 0x90, 0x3e, 0xe0, 0x96, 0xfc, 0x3c,
    0x2d, 0x2f, 0x19, 0x3f, 0xe2, 0x12, 0xce, 0xbd, 0x3a, 0x7d, 0x85, 0x3e,
    0xa8, 0x5f, 0xf6, 0x3d, 0xba, 0xe5, 0xa0, 0xbc, 0x0f, 0xe1, 0x4c, 0x3e,
    0x4d, 0xe7, 0xc6, 0x3c, 0xb3, 0x18, 0x58, 0xbe, 0x08, 0xdf, 0xb0, 0xbd,
    0x3d, 0x4f, 0xfb, 0xbd, 0x32, 0x57, 0x25, 0x3e, 0x39, 0xfd, 0x39, 0xbe,
    0xef, 0x8a, 0x05, 0x3e, 0x4c, 0x3f, 0x29, 0xbd, 0x80, 0xa4, 0xca, 0xba,
    0xb8, 0x73, 0x13, 0xbd, 0x8e, 0xd1, 0xfb, 0xbd, 0x53, 0xa6, 0x90, 0xbd,
    0x4c, 0x4d, 0x05, 0x3d, 0x8c, 0x28, 0x53, 0x3d, 0xd9, 0x92, 0xa6, 0x3d,
    0xbe, 0xb8, 0x1b, 0xbe, 0xe2, 0x86, 0x4f, 0x3e, 0xa2, 0x22, 0x9b, 0x3d,
    0x7a, 0x5f, 0x8f, 0x3d, 0x2d, 0x05, 0x22, 0xbe, 0x62, 0x28, 0xcd, 0xbd,
    0x95, 0x26, 0x3b, 0x3d, 0x07, 0xcf, 0xb7, 0x3c, 0x79, 0xbd, 0x4e, 0x3e,
    0x54, 0x79, 0x14, 0xbe, 0xa7, 0x93, 0x4e, 0x3e, 0x6c, 0xfa, 0x7c, 0x3d,
    0xca, 0xe7, 0x4e, 0xbe, 0x5d, 0x54, 0x09, 0x3e, 0x91, 0x95, 0x4a, 0x3e,
    0x15, 0x33, 0x1c, 0x3e, 0xb7, 0x38, 0x9d, 0xbc, 0x60, 0xbf, 0xf3, 0xbd,
    0x2f, 0x0f, 0x2e, 0xbe, 0x47, 0x50, 0x56, 0xbe, 0xbb, 0x56, 0x39, 0x3e,
    0xde, 0x65, 0x81, 0xbd, 0xdf, 0x5c, 0x79, 0x3e, 0xa0, 0x24, 0x5f, 0x3e,
    0xe6, 0x11, 0x27, 0xbe, 0x21, 0x65, 0x7b, 0x3d, 0x87, 0x6f, 0xed, 0x3d,
    0x62, 0xee, 0xc0, 0x3d, 0x02, 0xf7, 0xad, 0x3d, 0x52, 0xfd, 0x0d, 0xbe,
    0xb1, 0x1b, 0x65, 0x3e, 0x2b, 0x82, 0x13, 0x3e, 0x71, 0xf3, 0xc9, 0xbd,
    0xf9, 0x9e, 0xc6, 0xbd, 0xdb, 0xa3, 0xe9, 0xbd, 0x3c, 0xf5, 0x0a, 0x3e,
    0x15, 0x7d, 0xb4, 0x3d, 0xfe, 0xde, 0x52, 0x3e, 0x46, 0xb5, 0xe0, 0x3d,
    0xef, 0xfb, 0xbb, 0xbd, 0xa0, 0x4b, 0xd9, 0xbc, 0xf8, 0x66, 0x9f, 0xbd,
    0x40, 0x98, 0xc6, 0xbc, 0x63, 0xb1, 0x84, 0xbe, 0x8e, 0xb7, 0x87, 0x3d,
    0xc3, 0x1e, 0xcd, 0x3d, 0xfb, 0x0d, 0x54, 0x3e, 0xbd, 0x24, 0x39, 0x3e,
    0x3e, 0x78, 0xd1, 0x3d, 0x23, 0x5d, 0x17, 0x3e, 0xf4, 0x02, 0x29, 0xbe,
    0x22, 0xee, 0xcd, 0xbd, 0xdc, 0x88, 0x16, 0xbe, 0xa4, 0xa1, 0x5b, 0x3e,
    0x50, 0x56, 0x46, 0xbe, 0xc9, 0xbb, 0x28, 0xbd, 0xaa, 0x5c, 0x45, 0xbe,
    0x72, 0x6c, 0x26, 0xbe, 0xf4, 0xe7, 0x6b, 0x3d, 0xa4, 0xe7, 0x3b, 0x3e,
    0x5c, 0xaf, 0xf9, 0x3d, 0xc8, 0xb8, 0xc9, 0x3c, 0xd2, 0x89, 0x02, 0xbe,
    0x6b, 0x40, 0x5a, 0xbe, 0xf2, 0xc2, 0x01, 0x3e, 0x73, 0x5e, 0xf8, 0x3d,
    0xd9, 0xd6, 0x48, 0x3e, 0x0e, 0x52, 0xfe, 0xbd, 0x1e, 0x95, 0x9d, 0x3d,
    0x7b, 0x94, 0xa7, 0xbd, 0x26, 0xd3, 0x13, 0x3e, 0xf4, 0x79, 0x13, 0xbe,
    0xf5, 0xf0, 0x78, 0x3d, 0x1e, 0x84, 0x86, 0x3d, 0xf8, 0xe3, 0xe0, 0x3c,
    0x70, 0xf2, 0xef, 0x3c, 0x97, 0xc6, 0x45, 0x3e, 0x23, 0x06, 0x42, 0x3e,
    0x5e, 0xc1, 0xed, 0x3d, 0xb4, 0xf3, 0x3d, 0x3d, 0x1a, 0x79, 0x82, 0xbd,
    0x52, 0x41, 0x33, 0xbe, 0xc2, 0xec, 0xd6, 0x3d, 0x8e, 0x82, 0xb6, 0xbd,
    0xca, 0x30, 0x80, 0xbd, 0xfd, 0xc0, 0x4c, 0x3e, 0xfb, 0xde, 0x93, 0xbd,
    0x9d, 0xdc, 0x2f, 0x3e, 0x5c, 0xf8, 0xdd, 0x3c, 0x78, 0xb8, 0x5b, 0x3e,
    0xa7, 0xa4, 0xd0, 0x3d, 0x57, 0xaf, 0x13, 0x3e, 0x68, 0x88, 0x90, 0xbc,
    0x48, 0x36, 0x2c, 0x3e, 0xa1, 0x0d, 0x4a, 0xbd, 0xa3, 0x48, 0x4f, 0x3e,
    0xfc, 0xe2, 0x02, 0xbf, 0x72, 0x54, 0x4a, 0xbd, 0xdb, 0x78, 0x17, 0x3e,
    0xde, 0xc6, 0xeb, 0xbc, 0x97, 0x67, 0x67, 0xbe, 0x43, 0x51, 0xcd, 0x3d,
    0xf6, 0x37, 0x51, 0xbe, 0xdf, 0x4f, 0xe8, 0xbe, 0xa7, 0x39, 0x4e, 0x3e,
    0xf8, 0x31, 0xd5, 0xbe, 0x98, 0x5f, 0x1f, 0xbd, 0x4e, 0xa5, 0x55, 0xbf,
    0x40, 0x59, 0xfb, 0x3c, 0x55, 0x4f, 0xd6, 0xbe, 0x6c, 0x41, 0xe6, 0x3c,
    0x20, 0x6d, 0xbc, 0xbe, 0xfe, 0xff, 0xc7, 0x3d, 0x6c, 0xad, 0x24, 0x3e,
    0xba, 0xcd, 0xf9, 0x3d, 0x93, 0x79, 0x19, 0x3e, 0x5d, 0x18, 0x25, 0x3e,
    0xbf, 0xc9, 0x10, 0x3c, 0x16, 0x19, 0xda, 0x3d, 0xaa, 0x74, 0x9f, 0x3e,
    0xa4, 0x49, 0x0f, 0xbe, 0xf0, 0xe5, 0x16, 0x3c, 0xa1, 0x20, 0x0d, 0x3e,
    0x66, 0xca, 0x1f, 0xbe, 0x61, 0x4f, 0xd4, 0xbb, 0x9f, 0x79, 0x13, 0x3e,
    0x00, 0x77, 0xf5, 0x3a, 0x55, 0x4e, 0xa3, 0xbe, 0xd9, 0x0c, 0xb6, 0xbe,
    0xee, 0x39, 0x2c, 0x3e, 0xd0, 0x3e, 0x2c, 0xbd, 0x79, 0xa8, 0x05, 0x3e,
    0xe0, 0x50, 0x1c, 0xbc, 0x58, 0xde, 0x65, 0x3e, 0x17, 0x0a, 0x09, 0xbf,
    0xcf, 0x27, 0xde, 0xbe, 0x3d, 0x9b, 0x09, 0x3d, 0xa3, 0x82, 0xf4, 0xbd,
    0xa6, 0x96, 0x9b, 0x3d, 0x08, 0x06, 0x26, 0xbd, 0x24, 0x3c, 0x1c, 0x3d,
    0x7f, 0xac, 0xe5, 0x3d, 0xba, 0xdd, 0xc4, 0xbd, 0xee, 0x43, 0x14, 0xbe,
    0x5a, 0xa6, 0x3d, 0xbd, 0x1f, 0xf9, 0x34, 0x3e, 0x00, 0xb8, 0xe8, 0x39,
    0x30, 0x8e, 0xe3, 0x3c, 0xa6, 0x17, 0xaa, 0x3d, 0x2a, 0x9c, 0x36, 0x3e,
    0x94, 0xc4, 0x13, 0xbf, 0x3c, 0xf1, 0x5e, 0xbe, 0x58, 0xe9, 0xd5, 0xbd,
    0xc0, 0x68, 0xee, 0xbb, 0x6c, 0x44, 0x8b, 0xbd, 0x02, 0x5a, 0x80, 0x3d,
    0x9e, 0xa9, 0x81, 0xbd, 0xc8, 0xc3, 0x17, 0xbe, 0x38, 0xba, 0xa9, 0xbc,
    0xff, 0xb3, 0x4f, 0x3e, 0x5c, 0x30, 0x7f, 0x3d, 0x8e, 0x27, 0xe5, 0x3d,
    0x64, 0xdf, 0x0e, 0x3d, 0x0c, 0x7b, 0x68, 0xbd, 0x68, 0x75, 0x7e, 0xbd,
    0xd7, 0xb9, 0x25, 0xbe, 0x27, 0xb9, 0x35, 0xbe, 0x93, 0x9c, 0x04, 0x3e,
    0xf2, 0x5c, 0x16, 0xbe, 0x70, 0x95, 0x0d, 0xbd, 0x98, 0x61, 0xb1, 0x3c,
    0x7c, 0xd4, 0x42, 0xbe, 0xbe, 0xb4, 0x87, 0x3d, 0x48, 0xe6, 0x04, 0xbe,
    0x36, 0xdd, 0x59, 0xbe, 0x88, 0xe4, 0xb2, 0xbd, 0x2c, 0x11, 0x73, 0x3d,
    0x92, 0xb7, 0xad, 0x3d, 0xd5, 0xdf, 0xd8, 0xbd, 0x90, 0x36, 0x82, 0xbd,
    0x74, 0x20, 0x68, 0x3d, 0x4c, 0x20, 0xb8, 0xbd, 0x01, 0xdc, 0x56, 0x3e,
    0xab, 0xac, 0x5d, 0xbe, 0x18, 0xf6, 0x8d, 0x3c, 0xfc, 0x18, 0x46, 0x3d,
    0x84, 0x77, 0xc3, 0xbd, 0x95, 0xaf, 0xc4, 0xbd, 0x29, 0xda, 0xd0, 0xbd,
    0xd0, 0x96, 0x8d, 0xbd, 0x96, 0xf3, 0xc2, 0x3d, 0x80, 0xc9, 0xdd, 0xbb,
    0x86, 0x84, 0xbd, 0x3d, 0xf0, 0xf2, 0x2e, 0x3c, 0xc8, 0xf6, 0xa4, 0xbd,
    0x3e, 0x62, 0x93, 0x3d, 0xc5, 0x5b, 0xee, 0xbd, 0x6d, 0x49, 0x24, 0x3e,
    0x82, 0x66, 0xbd, 0x3d, 0x1f, 0x79, 0x07, 0x3e, 0x1e, 0x92, 0xda, 0x3d,
    0x8b, 0x05, 0xc4, 0xbd, 0xf7, 0xcd, 0x38, 0x3e, 0xe4, 0xae, 0x5c, 0x3d,
    0xe0, 0x47, 0x61, 0x3c, 0x54, 0x79, 0x0f, 0xbd, 0xcf, 0x26, 0x48, 0x3e,
    0x62, 0x23, 0x95, 0x3d, 0xf9, 0x54, 0x4c, 0x3e, 0xda, 0x52, 0x3a, 0xbe,
    0xed, 0x47, 0x1d, 0x3e, 0xa5, 0x39, 0x0c, 0x3e, 0x84, 0xd2, 0x1a, 0xbd,
    0xe0, 0x38, 0x34, 0xbc, 0x96, 0x92, 0xfa, 0x3d, 0x06, 0x87, 0x43, 0xbe,
    0x35, 0x9e, 0xe8, 0xbd, 0x0c, 0xc5, 0x23, 0x3e, 0xda, 0x98, 0x87, 0x3d,
    0x04, 0xff, 0x34, 0x3d, 0x9c, 0x6b, 0x05, 0xbe, 0x48, 0x57, 0x45, 0x3e,
    0x1a, 0xa0, 0x8a, 0xba, 0x6a, 0xdb, 0x01, 0xbe, 0x88, 0x4e, 0xfe, 0xbd,
    0x2d, 0x3d, 0x95, 0x3d, 0xd1, 0xe8, 0x12, 0xbe, 0x01, 0x5d, 0x58, 0x3e,
    0x8b, 0x61, 0x21, 0x3d, 0x1a, 0x96, 0xa9, 0x3c, 0x0c, 0x58, 0x29, 0xbd,
    0x3d, 0x8a, 0x27, 0xbe, 0x00, 0xc0, 0x42, 0xbd, 0x4c, 0x6f, 0x2a, 0xbe,
    0x2e, 0xc2, 0x30, 0xbe, 0xa8, 0x96, 0x24, 0x3c, 0x70, 0xdd, 0x17, 0xbe,
    0xbd, 0xb8, 0x03, 0x3d, 0x54, 0xd1, 0x4c, 0x3e, 0xa4, 0x72, 0x11, 0xbe,
    0xf6, 0x4e, 0xa4, 0x3d, 0xd2, 0x04, 0xb8, 0xbc, 0x56, 0x45, 0x38, 0xbe,
    0x59, 0xdb, 0x9e, 0xbc, 0xd8, 0xa0, 0x0b, 0xbe, 0x88, 0xc6, 0x09, 0x3e,
    0x14, 0xb0, 0x58, 0x3d, 0x4d, 0xc0, 0x0b, 0xbd, 0x08, 0x66, 0x67, 0xbd,
    0xc1, 0x49, 0x1c, 0x3e, 0x30, 0x6b, 0x9c, 0xbc, 0xa1, 0xc1, 0xd4, 0xbb,
    0x91, 0x58, 0x2f, 0x3e, 0xfc, 0x8b, 0x42, 0x3d, 0x32, 0x63, 0xb9, 0xbd,
    0x58, 0xe7, 0x25, 0xbe, 0xe2, 0xcf, 0x60, 0xbe, 0x6d, 0x35, 0x2c, 0x3e,
    0xc8, 0x50, 0x5c, 0xbe, 0x2e, 0xab, 0xdd, 0xbd, 0xf8, 0x5a, 0xde, 0x3c,
    0x25, 0xf9, 0x83, 0x3d, 0xab, 0x5c, 0x5e, 0xbe, 0xef, 0x90, 0x3f, 0x3e,
    0xc5, 0x38, 0xcf, 0x3d, 0x2e, 0x38, 0xb1, 0x3d, 0xf6, 0x05, 0x8b, 0x3d,
    0xb8, 0x61, 0xc1, 0xbd, 0xc4, 0x74, 0x33, 0x3d, 0x40, 0xed, 0x3f, 0xbe,
    0x56, 0x3b, 0xb8, 0x3d, 0xb5, 0x8e, 0x07, 0xbe, 0x99, 0xf7, 0x20, 0x3e,
    0x19, 0x60, 0x4f, 0x3e, 0x84, 0x94, 0x07, 0x3d, 0xd1, 0xb1, 0x2f, 0x3e,
    0x00, 0xd1, 0xf1, 0x3c, 0x03, 0x4c, 0x0b, 0xbe, 0x59, 0x1a, 0xa4, 0xbe,
    0xca, 0x9c, 0x1f, 0xbe, 0xa3, 0x67, 0x37, 0xbe, 0x28, 0x95, 0x89, 0x3c,
    0x70, 0xf7, 0x14, 0x3c, 0x9f, 0x08, 0x2e, 0x3e, 0x17, 0x7c, 0x10, 0x3e,
    0x1c, 0x27, 0x7a, 0xbd, 0x84, 0xf1, 0x62, 0x3d, 0x83, 0xf9, 0x17, 0x3e,
    0xa2, 0x8b, 0xc1, 0x3d, 0xe6, 0x13, 0xac, 0xbd, 0x3e, 0x55, 0xbe, 0x3d,
    0xbc, 0x57, 0x0b, 0xbe, 0x86, 0x2b, 0x22, 0xbe, 0x68, 0x50, 0x68, 0xbd,
    0x11, 0x3e, 0x44, 0xbe, 0xbd, 0x32, 0x2c, 0x3e, 0xaf, 0x63, 0xbc, 0xbd,
    0xa1, 0x18, 0x21, 0xbe, 0xf0, 0x15, 0x9f, 0x3c, 0x72, 0x92, 0xe1, 0x3d,
    0xaa, 0xdb, 0xc1, 0x3d, 0x20, 0xe4, 0x6e, 0x3c, 0x78, 0x5b, 0x10, 0xbe,
    0x4b, 0x31, 0x01, 0x3e, 0x7e, 0x95, 0x39, 0xbe, 0x4d, 0xde, 0x02, 0xbe,
    0xfd, 0xdd, 0x0c, 0x3e, 0x3b, 0x8d, 0x0c, 0x3e, 0xa3, 0x6a, 0x13, 0x3e,
    0x6b, 0x2c, 0xbc, 0xbd, 0x5d, 0xbd, 0x31, 0x3e, 0x8c, 0x44, 0x5a, 0x3d,
    0x62, 0x79, 0x93, 0x3d, 0xbb, 0xe3, 0x49, 0x3e, 0xdb, 0x20, 0x54, 0x3e,
    0xc9, 0x1f, 0x52, 0xbe, 0x35, 0xc7, 0x2a, 0xbe, 0x00, 0x03, 0x7b, 0x3a,
    0x7d, 0xed, 0x22, 0xbe, 0x21, 0x7b, 0x58, 0xbe, 0x11, 0xb1, 0x05, 0xbe,
    0x45, 0x64, 0x4a, 0x3e, 0x14, 0xbf, 0x42, 0xbe, 0xd9, 0x56, 0x55, 0xbe,
    0x84, 0xca, 0x06, 0xbd, 0xaa, 0x8c, 0x91, 0xbd, 0x10, 0x4d, 0x2e, 0x3c,
    0x80, 0x16, 0x2c, 0xbd, 0x9d, 0x43, 0x3a, 0x3e, 0xe0, 0x9b, 0x20, 0xbc,
    0x16, 0x87, 0xc5, 0x3d, 0xed, 0x5d, 0x29, 0x3e, 0x70, 0xc9, 0xa9, 0xbd,
    0x96, 0x22, 0xc4, 0x3d, 0xca, 0x5c, 0x97, 0x3d, 0xba, 0x71, 0x00, 0xbe,
    0x19, 0x37, 0x5b, 0x3e, 0xf4, 0xc5, 0x1b, 0xbe, 0xbc, 0x83, 0x7b, 0x3d,
    0xb0, 0x8d, 0xd4, 0xbc, 0x95, 0xf0, 0xfc, 0xbd, 0x61, 0xc9, 0x07, 0xbe,
    0x20, 0x66, 0x21, 0xbe, 0xc0, 0x0c, 0x64, 0xbc, 0xe5, 0x2c, 0x13, 0x3e,
    0x65, 0x3c, 0xa7, 0xbd, 0x6e, 0xec, 0x46, 0xbe, 0xd3, 0xcf, 0xc6, 0xbd,
    0x00, 0x5f, 0xd9, 0xbc, 0x4e, 0xa9, 0x45, 0x3e, 0x47, 0x4f, 0x00, 0x3e,
    0x60, 0xee, 0xfe, 0xbb, 0xd3, 0xd2, 0x6b, 0xbe, 0x00, 0x26, 0x3e, 0x3e,
    0x31, 0x32, 0x1e, 0x3e, 0xa8, 0x3f, 0x95, 0x3c, 0xe7, 0x4b, 0xa5, 0x3d,
    0x6a, 0xe6, 0x88, 0xbd, 0xf0, 0x70, 0xe3, 0xbc, 0x01, 0xd1, 0x90, 0x3d,
    0xc1, 0xbe, 0x42, 0x3e, 0x1a, 0xf5, 0x6c, 0xbe, 0xf2, 0x40, 0x96, 0x3d,
    0xaa, 0x5b, 0x23, 0xbd, 0xf0, 0x66, 0x27, 0xbd, 0x57, 0x61, 0x0c, 0xbe,
    0x29, 0x5a, 0x06, 0x3b, 0xf1, 0xed, 0x0b, 0x3d, 0xc7, 0xa2, 0x50, 0xbe,
    0x89, 0x16, 0x4a, 0x3d, 0xc7, 0xaf, 0x5c, 0x3e, 0xf3, 0xe5, 0xf1, 0x3d,
    0x1b, 0x7a, 0x46, 0x3e, 0xa5, 0x6b, 0xc5, 0xbd, 0x4a, 0x46, 0x89, 0x3d,
    0xc0, 0xfe, 0x30, 0xbe, 0xa9, 0x37, 0x46, 0xbe, 0x00, 0x5e, 0xb8, 0x3b,
    0xe0, 0xc9, 0x06, 0xbe, 0x8a, 0xe6, 0x02, 0xbd, 0xb7, 0x28, 0x28, 0xbd,
    0x18, 0xc4, 0xb6, 0xbc, 0xe5, 0x4e, 0x2f, 0x3e, 0xe5, 0xf0, 0xbe, 0xbc,
    0x3b, 0x7e, 0x34, 0x3e, 0xe3, 0xb2, 0x15, 0x3e, 0x40, 0xdd, 0xa1, 0x3c,
    0xd0, 0xc0, 0xe7, 0xbc, 0xec, 0xad, 0x08, 0xbd, 0x04, 0xf6, 0x38, 0x3e,
    0xa0, 0x44, 0x26, 0x3e, 0xc2, 0x21, 0x04, 0xbe, 0xe3, 0xcb, 0x04, 0xbe,
    0x3e, 0x7f, 0x83, 0xbd, 0x53, 0x76, 0x4d, 0x3e, 0xd2, 0xb6, 0xec, 0x3d,
    0x38, 0x84, 0xaa, 0xbc, 0xd6, 0x91, 0x1e, 0xbd, 0x01, 0x68, 0x26, 0x3e,
    0x0f, 0x16, 0x00, 0x3e, 0x0d, 0x55, 0x86, 0xbc, 0x0e, 0xf6, 0xe1, 0x3d,
    0x6a, 0x7b, 0xa3, 0x3d, 0x26, 0xae, 0xf8, 0xbd, 0x72, 0xa0, 0x87, 0xbd,
    0xfc, 0x3a, 0x0a, 0xbe, 0x41, 0x3c, 0x36, 0xbe, 0x01, 0x41, 0x06, 0x3e,
    0x41, 0xff, 0x2e, 0xbe, 0xe2, 0xe7, 0x31, 0xbe, 0x5a, 0x5d, 0x11, 0xbe,
    0x9a, 0x4a, 0x8d, 0x3d, 0x5d, 0x8f, 0x56, 0x3e, 0xeb, 0x43, 0x33, 0xbe,
    0x52, 0x19, 0x36, 0xbe, 0xc9, 0x12, 0x17, 0xbe, 0x03, 0x7e, 0x3c, 0x3e,
    0x99, 0x5a, 0x8a, 0x3d, 0xcb, 0x06, 0x35, 0x3e, 0x81, 0xc1, 0x0c, 0xbe,
    0x30, 0x21, 0xeb, 0xbc, 0xce, 0x99, 0x05, 0xbe, 0xd0, 0xb2, 0xa2, 0xbd,
    0xa2, 0xe5, 0x92, 0x3d, 0x67, 0xce, 0x53, 0x3e, 0xa3, 0xd4, 0x50, 0x3e,
    0x69, 0xf3, 0x24, 0x3e, 0xfe, 0x13, 0x4e, 0xbe, 0xd8, 0xdd, 0x9e, 0x3c,
    0x1b, 0xcb, 0xce, 0x3d, 0xa8, 0x28, 0xaf, 0xbd, 0xbf, 0x3e, 0x1b, 0x3e,
    0x2f, 0x73, 0x26, 0xbe, 0xa1, 0x67, 0x10, 0x3d, 0x31, 0x30, 0x14, 0x3e,
    0x72, 0xc1, 0x3a, 0xbe, 0xd1, 0x70, 0x55, 0x3e, 0x23, 0xf0, 0x29, 0x3e,
    0x75, 0xfc, 0x16, 0x3e, 0xa9, 0x1f, 0xf3, 0xbd, 0x0a, 0x27, 0x0e, 0xbe,
    0x5a, 0x5d, 0xb5, 0x3d, 0x5c, 0x1e, 0x24, 0x3d, 0xf3, 0x8c, 0x43, 0x3e,
    0xa7, 0x6e, 0x08, 0x3e, 0x9a, 0x94, 0x2d, 0xbe, 0x8a, 0x3e, 0x8a, 0x3d,
    0x30, 0xac, 0x1f, 0x3c, 0x42, 0x0f, 0xce, 0x3d, 0xde, 0x19, 0x80, 0xbd,
    0xae, 0xcd, 0x93, 0x3d, 0xd3, 0xab, 0x20, 0x3e, 0x2e, 0xdf, 0xce, 0x3d,
    0x59, 0xe6, 0x28, 0x3e, 0x33, 0x9f, 0x47, 0x3e, 0xe7, 0xfc, 0x34, 0x3e,
    0xb0, 0xbc, 0x50, 0xbd, 0xd0, 0x07, 0xa4, 0xbd, 0x42, 0xa8, 0x08, 0xbe,
    0x80, 0x52, 0xea, 0x3b, 0x05, 0x1a, 0x0e, 0xbe, 0xb4, 0x82, 0xa5, 0x3d,
    0x02, 0xb4, 0xd6, 0x3d, 0x45, 0xa2, 0x32, 0x3e, 0x86, 0x6a, 0x24, 0xbe,
    0xea, 0x62, 0xe8, 0x3d, 0xa6, 0x93, 0xcb, 0xbd, 0x51, 0x1f, 0x36, 0x3e,
    0x6c, 0xcf, 0x4e, 0xbe, 0x46, 0x5d, 0x1e, 0x3e, 0x94, 0x05, 0x05, 0xbd,
    0x1e, 0xbc, 0xf3, 0xbd, 0x70, 0x9a, 0x39, 0xbe, 0xc0, 0xe2, 0x2a, 0x3e,
    0xb8, 0xaa, 0x1c, 0x3e, 0xd7, 0x74, 0x53, 0xbe, 0x8e, 0x5f, 0x2a, 0xbe,
    0xfb, 0xe3, 0x2b, 0x3e, 0x37, 0xff, 0xa1, 0xbd, 0x2a, 0x57, 0xb1, 0x3d,
    0x06, 0x51, 0x64, 0x3e, 0x24, 0x40, 0xa2, 0xbd, 0xa0, 0xee, 0xde, 0xbb,
    0x05, 0xe6, 0x0d, 0xbe, 0x35, 0x1f, 0x11, 0xbe, 0x19, 0x74, 0x4a, 0x3e,
    0x2f, 0xd5, 0xf7, 0xbd, 0x8b, 0x71, 0x60, 0x3d, 0x4a, 0x38, 0x16, 0xbe,
    0x03, 0x91, 0x4e, 0x3d, 0x22, 0xcc, 0xf9, 0x3d, 0x69, 0x26, 0x05, 0x3e,
    0x45, 0xec, 0xc9, 0xbd, 0x12, 0xf9, 0x88, 0x3d, 0xa1, 0xaf, 0x4a, 0x3e,
    0xd9, 0x7d, 0x2e, 0x3d, 0x93, 0xbc, 0x49, 0x3e, 0xc0, 0x05, 0xee, 0x3d,
    0xe6, 0x50, 0x82, 0x3d, 0x3b, 0x11, 0x14, 0x3e, 0xc4, 0x2e, 0x25, 0x3d,
    0xaa, 0x9d, 0x8f, 0xbd, 0x61, 0x72, 0x30, 0x3e, 0x2f, 0x8f, 0x30, 0x3d,
    0x1c, 0x39, 0x42, 0xbd, 0x83, 0x62, 0x33, 0x3e, 0xbd, 0xe7, 0x20, 0x3e,
    0xba, 0x40, 0x4e, 0xbe, 0xa2, 0xa4, 0x53, 0xbe, 0x55, 0x14, 0x0e, 0x3e,
    0xe1, 0x4b, 0x01, 0x3e, 0x22, 0xeb, 0xcf, 0x3d, 0x99, 0x59, 0xd4, 0x3d,
    0x6d, 0x40, 0xe1, 0xbc, 0x35, 0x64, 0x34, 0xbe, 0x22, 0x6a, 0x86, 0x3d,
    0x4c, 0x5e, 0x10, 0x3d, 0xc6, 0xe5, 0x3c, 0x3e, 0xeb, 0x13, 0x90, 0x3e,
    0xe4, 0xe4, 0x04, 0x3e, 0x2b, 0xa0, 0xcd, 0x3d, 0x80, 0x41, 0x23, 0x3b,
    0x0e, 0x31, 0xf2, 0x3d, 0x34, 0xbf, 0x77, 0xbd, 0x60, 0x23, 0xce, 0xbc,
    0x2f, 0xbe, 0xad, 0xbd, 0xad, 0x02, 0x08, 0x3e, 0x80, 0x09, 0x29, 0x3b,
    0x5e, 0xc6, 0x66, 0x3d, 0xaa, 0x11, 0xbd, 0x3d, 0x92, 0xd7, 0x18, 0xbe,
    0xcf, 0x76, 0x07, 0x3e, 0x60, 0xcb, 0x09, 0xbc, 0xd8, 0x61, 0xe5, 0xbd,
    0x91, 0xbe, 0xba, 0x3e, 0xf2, 0xac, 0x38, 0xbd, 0x84, 0x23, 0x07, 0xbe,
    0x10, 0xac, 0xea, 0xbd, 0xa4, 0x8c, 0xff, 0xbc, 0xca, 0x96, 0x53, 0xbe,
    0xb4, 0xe9, 0x57, 0x3d, 0x8a, 0x5f, 0x9e, 0xbe, 0x1f, 0x6c, 0xac, 0xbd,
    0x0b, 0x13, 0xfc, 0xbd, 0x54, 0x2c, 0x6e, 0x3e, 0x96, 0x51, 0x23, 0xbe,
    0x10, 0x01, 0x70, 0xbc, 0x54, 0xe5, 0x11, 0x3e, 0xcc, 0xe2, 0x71, 0x3c,
    0x23, 0x56, 0x2b, 0xbe, 0x4c, 0xf2, 0x14, 0xbe, 0x22, 0x73, 0xa3, 0x3e,
    0x12, 0x98, 0xfd, 0x3d, 0x44, 0xd3, 0xb2, 0x3e, 0xb9, 0xcb, 0x39, 0x3e,
    0x8b, 0xd1, 0x36, 0x3f, 0xab, 0x2e, 0x47, 0xbe, 0x9e, 0x4f, 0xd8, 0x3e,
    0x0e, 0xde, 0x80, 0x3d, 0x96, 0x46, 0x86, 0x3e, 0x50, 0x47, 0x5c, 0xbe,
    0xca, 0xed, 0xa5, 0xbd, 0x39, 0x31, 0x03, 0xbe, 0x74, 0xaf, 0x99, 0xbe,
    0xc0, 0x23, 0x61, 0x3b, 0x7a, 0x12, 0xf0, 0x3d, 0xe9, 0x45, 0x2c, 0xbe,
    0xde, 0x95, 0xbf, 0x3d, 0x59, 0x75, 0x24, 0x3e, 0x68, 0x8c, 0x2a, 0xbd,
    0xde, 0xce, 0x97, 0x3d, 0x39, 0xeb, 0xab, 0xbd, 0x74, 0xa0, 0x42, 0x3e,
    0xb0, 0xe3, 0x36, 0xbe, 0x80, 0x2f, 0x9c, 0x3b, 0x91, 0xab, 0xd1, 0x3e,
    0x19, 0xe8, 0x16, 0xbd, 0xa4, 0x1d, 0x6f, 0xbe, 0xee, 0xa5, 0xe1, 0x3d,
    0x8e, 0x3c, 0xa1, 0xbd, 0x1d, 0x5b, 0xe2, 0xbd, 0x13, 0xba, 0xe6, 0x3d,
    0x1a, 0x43, 0xb8, 0x3e, 0xcd, 0x03, 0x53, 0xbd, 0x02, 0x3b, 0x4b, 0xbe,
    0xc0, 0x4d, 0xb7, 0xbd, 0x84, 0x45, 0x70, 0x3d, 0x88, 0x5a, 0x4b, 0xbe,
    0x59, 0xad, 0xe3, 0xbd, 0x1c, 0x81, 0x2f, 0x3d, 0xce, 0xd5, 0xa2, 0x3d,
    0x10, 0xfc, 0x25, 0xbe, 0xb0, 0x83, 0x19, 0x3e, 0x14, 0x1d, 0x35, 0xbe,
    0xfc, 0x05, 0xdd, 0xbd, 0xa3, 0xd2, 0x43, 0x3e, 0xc2, 0xde, 0xba, 0xbd,
    0xdb, 0x8c, 0x6c, 0xbc, 0x06, 0x37, 0x51, 0x3f, 0x9b, 0xa5, 0x6a, 0x3d,
    0xbd, 0xe1, 0xa1, 0xbc, 0x0d, 0x76, 0x46, 0xbd, 0x5a, 0x51, 0xfe, 0x3d,
    0x80, 0xbb, 0x76, 0xbd, 0x20, 0x40, 0x59, 0xbe, 0x33, 0x6d, 0x25, 0x3e,
    0x2d, 0xdd, 0x8b, 0x3d, 0x4e, 0xb9, 0xb9, 0x3d, 0xfe, 0xc5, 0x74, 0x3e,
    0xc4, 0xee, 0x2d, 0x3e, 0xfa, 0x6b, 0xad, 0x3d, 0xdc, 0x83, 0x4c, 0x3c,
    0x47, 0x32, 0x16, 0x3d, 0x69, 0x07, 0x05, 0xbb, 0x46, 0x88, 0x9b, 0xbd,
    0xb2, 0xa0, 0xe7, 0xbd, 0xf0, 0x44, 0x0f, 0xbd, 0x0d, 0x49, 0xc2, 0x3d,
    0x16, 0x6d, 0x0b, 0xbe, 0x2b, 0x48, 0x52, 0x3d, 0x76, 0x15, 0xc4, 0x3d,
    0x9e, 0x86, 0x58, 0x3d, 0x44, 0x63, 0x13, 0xbd, 0x20, 0x97, 0x15, 0xbe,
    0x50, 0xb7, 0xde, 0x3c, 0xdc, 0x8e, 0x29, 0x3d, 0x1d, 0x0b, 0x29, 0x3e,
    0xcc, 0xf2, 0x39, 0x3e, 0xbc, 0xb2, 0x76, 0xbd, 0xe8, 0xd9, 0x92, 0x3d,
    0x20, 0x1c, 0x08, 0xbc, 0x8f, 0x71, 0xa4, 0x3d, 0xe0, 0xe3, 0x1f, 0xbd,
    0xad, 0x5a, 0x28, 0x3e, 0x00, 0x12, 0xe7, 0xbd, 0x41, 0x2c, 0x00, 0xbd,
    0xfb, 0xf6, 0x1b, 0x3e, 0x61, 0x1d, 0x19, 0xbe, 0x3d, 0x2a, 0x49, 0x3e,
    0xf6, 0x0d, 0x97, 0x3c, 0x64, 0xb9, 0x17, 0x3b, 0x3a, 0xa2, 0x2d, 0xbc,
    0x84, 0x34, 0x65, 0xbd, 0x54, 0xce, 0x2d, 0x3d, 0x00, 0x99, 0xa4, 0xbc,
    0x15, 0x63, 0x81, 0x3e, 0x2d, 0x01, 0x25, 0x3e, 0x51, 0x73, 0x11, 0xbc,
    0xc1, 0x4d, 0xed, 0xbd, 0xcd, 0x7f, 0x27, 0x3e, 0x4d, 0x9d, 0x0e, 0x3e,
    0x06, 0x42, 0xcf, 0x3d, 0xbe, 0x27, 0x14, 0xbe, 0xf0, 0x9b, 0x8a, 0x3d,
    0xcd, 0xca, 0x48, 0xbe, 0x86, 0x0f, 0xb1, 0xbd, 0xe0, 0x35, 0x13, 0x3e,
    0x34, 0x94, 0x82, 0xbd, 0x3f, 0x78, 0x36, 0xbe, 0xa2, 0xc9, 0x20, 0xbe,
    0xc0, 0x5e, 0xaf, 0xbb, 0xff, 0x47, 0x2c, 0xbe, 0xc3, 0xd4, 0x39, 0x3c,
    0x07, 0x7c, 0x35, 0xbe, 0x5b, 0x48, 0x67, 0x3d, 0x87, 0xbc, 0x8d, 0x3d,
    0xab, 0x3b, 0x0a, 0x3c, 0xcd, 0xaf, 0x28, 0xbe, 0x2e, 0xe4, 0x1d, 0xbe,
    0x19, 0xf1, 0xf8, 0x3d, 0x2a, 0x0a, 0xad, 0xbb, 0x90, 0x00, 0x51, 0xbc,
    0x7d, 0xfa, 0x22, 0x3e, 0x99, 0xfe, 0x95, 0xbc, 0xcf, 0xdc, 0x35, 0xbe,
    0xfc, 0x40, 0x19, 0x3e, 0x08, 0xd7, 0x07, 0x3e, 0x73, 0x0a, 0x10, 0xbd,
    0x8e, 0x6c, 0x99, 0xbd, 0x83, 0xe0, 0x58, 0x3e, 0x0e, 0x23, 0x13, 0xbe,
    0x7c, 0x83, 0x27, 0xbe, 0x01, 0x3f, 0x30, 0x3e, 0x7f, 0x1b, 0x91, 0xbe,
    0x90, 0xb3, 0xa5, 0x3c, 0xbf, 0x43, 0xc2, 0x3b, 0x2b, 0x5f, 0x27, 0xbe,
    0xbe, 0x1d, 0xf7, 0x3d, 0x0a, 0xd2, 0x48, 0xbe, 0x2f, 0x1f, 0x0e, 0xbc,
    0x65, 0xbd, 0xed, 0xbd, 0x18, 0x13, 0xff, 0x3d, 0x05, 0x89, 0x33, 0x3e,
    0xc2, 0xec, 0xa0, 0x3d, 0x2e, 0x3b, 0xe5, 0x3d, 0x94, 0x49, 0xcd, 0x3d,
    0x1b, 0xb1, 0x00, 0x3e, 0x7b, 0x55, 0x4a, 0xbe, 0x66, 0xb7, 0xec, 0x3d,
    0xe0, 0xa1, 0x63, 0x3d, 0xb8, 0xd4, 0xb7, 0x3d, 0x52, 0x99, 0xd3, 0x3d,
    0x48, 0x76, 0xce, 0xbc, 0x1c, 0x7d, 0x23, 0xbe, 0x54, 0xd6, 0x4f, 0xbd,
    0x56, 0xdc, 0x50, 0xbd, 0x0a, 0xb3, 0x55, 0xbe, 0x92, 0xb7, 0x45, 0xbe,
    0x3c, 0x53, 0x18, 0xbd, 0xd9, 0xe1, 0x24, 0x3e, 0x59, 0x21, 0x9e, 0x3d,
    0x16, 0xa8, 0x06, 0x3e, 0xc9, 0xb1, 0x96, 0x3d, 0xff, 0xcf, 0x3a, 0x3e,
    0xcc, 0xe7, 0x60, 0xbd, 0x90, 0xef, 0x90, 0xbc, 0x64, 0x1b, 0x33, 0x3d,
    0x47, 0x58, 0x3b, 0x3e, 0x2f, 0x98, 0xf7, 0xbd, 0xd2, 0xae, 0xa1, 0x3d,
    0xc9, 0xb5, 0x1d, 0x3d, 0xe3, 0xb4, 0xf5, 0xbd, 0x47, 0xfd, 0x5b, 0xbe,
    0x38, 0x7d, 0xb2, 0xbc, 0x3c, 0x56, 0x4f, 0xbe, 0xf0, 0xc4, 0x00, 0xbe,
    0xc6, 0xc7, 0xbd, 0xbe, 0x64, 0x45, 0x78, 0xbc, 0x3d, 0xcf, 0x4a, 0xbd,
    0x0c, 0x0a, 0x14, 0x3d, 0x33, 0xbf, 0x07, 0x3e, 0x3e, 0xd3, 0xd5, 0x3d,
    0x89, 0x29, 0x12, 0x3e, 0x1b, 0x1f, 0x51, 0xbc, 0x6c, 0x27, 0x31, 0x3d,
    0x87, 0xfe, 0x10, 0x3e, 0x69, 0x39, 0x71, 0x3c, 0x40, 0x5b, 0xee, 0x3d,
    0xd8, 0x15, 0xb2, 0xbc, 0x40, 0x12, 0x2a, 0x3e, 0x51, 0x02, 0x65, 0x3d,
    0xd6, 0xcb, 0x88, 0xbd, 0xdf, 0x2d, 0xe1, 0xbd, 0x2b, 0x7f, 0xa9, 0xbd,
    0x84, 0x8f, 0xc7, 0xbd, 0x44, 0x56, 0x93, 0x3e, 0xe6, 0x6f, 0xb4, 0x3d,
    0x88, 0x70, 0xc3, 0x3e, 0x52, 0x96, 0x09, 0xbe, 0x2e, 0xc5, 0x9b, 0x3e,
    0x44, 0xe7, 0x2a, 0xbe, 0xbe, 0xbc, 0x49, 0x3c, 0x27, 0x57, 0x51, 0xbe,
    0x6b, 0x5a, 0xcd, 0x3d, 0x20, 0x4e, 0xe0, 0xbc, 0x77, 0xd1, 0x02, 0x3c,
    0xd6, 0x99, 0x9f, 0x3d, 0xfa, 0x88, 0xcd, 0xbd, 0x60, 0xb0, 0xb6, 0xbb,
    0x3f, 0x93, 0x5c, 0x3c, 0x36, 0x4e, 0x06, 0xbe, 0x44, 0x99, 0xb6, 0xbd,
    0x70, 0x71, 0x5a, 0xbe, 0xea, 0x88, 0xa5, 0x3d, 0xb8, 0x31, 0x9a, 0x3b,
    0xbe, 0x75, 0x5a, 0xbe, 0x3d, 0xf1, 0x41, 0x3e, 0x41, 0xaa, 0xb7, 0x3d,
    0x00, 0x2e, 0xf5, 0xbd, 0x1d, 0xae, 0x1a, 0x3e, 0x98, 0xb6, 0x89, 0xbd,
    0xab, 0x0f, 0xee, 0xbd, 0x50, 0x40, 0x32, 0xbe, 0x3f, 0x59, 0x0d, 0x3d,
    0xea, 0xe9, 0x8a, 0x3c, 0x30, 0x42, 0x70, 0x3e, 0xc9, 0x74, 0x10, 0xbe,
    0x99, 0x2d, 0x0d, 0x3e, 0xb4, 0x8e, 0x3d, 0x3d, 0xd0, 0xea, 0x3e, 0xbc,
    0xe8, 0xfa, 0x2e, 0xbe, 0xd8, 0xbe, 0xdd, 0x3d, 0xfa, 0xdd, 0xaf, 0x3d,
    0x2a, 0x6f, 0xc5, 0xbd, 0x5b, 0x32, 0x32, 0x3d, 0xf0, 0xbe, 0x84, 0x3c,
    0x28, 0x83, 0xbc, 0xbc, 0x57, 0x04, 0xd9, 0xbd, 0x49, 0x0b, 0xd4, 0xbd,
    0xaf, 0x5c, 0x2d, 0xbe, 0x4b, 0x6d, 0xda, 0x3e, 0x19, 0xee, 0xbc, 0xbc,
    0xcf, 0x47, 0x83, 0x3c, 0x09, 0x73, 0x74, 0x3c, 0x7e, 0xaf, 0xd6, 0xbd,
    0x8c, 0xc1, 0xb8, 0xbd, 0x0e, 0x9a, 0xb8, 0xbd, 0x4c, 0xb2, 0x28, 0x3e,
    0x02, 0xcc, 0x03, 0xbe, 0xc6, 0x22, 0xe8, 0x3d, 0x2d, 0xe5, 0x03, 0x3e,
    0x42, 0xad, 0x01, 0xbd, 0x6a, 0xd9, 0xf6, 0x3d, 0x73, 0xd7, 0x68, 0xbd,
    0xed, 0x6d, 0x9d, 0x3d, 0x22, 0xd5, 0x05, 0x3e, 0xb0, 0x86, 0xa8, 0xbc,
    0xef, 0x33, 0xcf, 0x3d, 0xd5, 0xc7, 0x1e, 0x3e, 0xb3, 0x64, 0x9a, 0xbd,
    0x10, 0x0e, 0x44, 0xbd, 0x3a, 0xcc, 0x3f, 0x3e, 0xc0, 0x2c, 0x31, 0xbc,
    0xa9, 0x93, 0x28, 0x3e, 0xa1, 0xfc, 0x23, 0xbe, 0xc0, 0x1f, 0x1b, 0x3d,
    0x88, 0x90, 0x35, 0xbe, 0xf4, 0x36, 0x46, 0x3e, 0xb0, 0xdf, 0xc1, 0x3c,
    0x3b, 0x9a, 0x3a, 0xbe, 0x6c, 0xfa, 0x2f, 0xbd, 0x71, 0xec, 0xf4, 0x3c,
    0x35, 0x66, 0x1c, 0x3e, 0x63, 0xbf, 0x40, 0x3e, 0xa6, 0x26, 0x36, 0xbe,
    0xae, 0x07, 0x32, 0xbe, 0x80, 0x44, 0xc9, 0xbc, 0x81, 0x3f, 0x43, 0xbe,
    0x4e, 0x3f, 0x60, 0x3c, 0x7c, 0xac, 0xa5, 0xbd, 0xa4, 0x13, 0x55, 0xbd,
    0x58, 0xdb, 0xc0, 0xbd, 0x69, 0x06, 0xe6, 0xbc, 0x4f, 0xe1, 0x70, 0x3e,
    0x5a, 0xaf, 0xed, 0x3d, 0x7b, 0xe5, 0x49, 0x3e, 0x42, 0x94, 0xe4, 0x3d,
    0x7b, 0x81, 0x31, 0x3e, 0x80, 0xc5, 0x57, 0xbe, 0x99, 0xd7, 0x28, 0x3e,
    0x47, 0x5b, 0x10, 0x3e, 0x41, 0xa4, 0x10, 0x3e, 0xed, 0x2d, 0x54, 0x3e,
    0xd4, 0xbf, 0x17, 0xbe, 0x00, 0x70, 0x4f, 0x3c, 0x14, 0x54, 0x21, 0xbe,
    0x8b, 0xc5, 0x18, 0x3e, 0xa6, 0x92, 0xee, 0x3d, 0xbe, 0xd4, 0xb5, 0x3d,
    0x82, 0x34, 0x1c, 0xbe, 0xde, 0xe2, 0x8d, 0x3d, 0x7c, 0x6b, 0x13, 0x3d,
    0xc0, 0xbc, 0x0d, 0x3b, 0x74, 0xab, 0x2b, 0xbd, 0x22, 0x4b, 0x0a, 0xbe,
    0x2b, 0xe8, 0x06, 0x3e, 0xd7, 0xb0, 0xb5, 0xbd, 0x4b, 0xf5, 0x53, 0xbe,
    0x89, 0x7a, 0x16, 0xbe, 0x16, 0xe9, 0xdc, 0x3d, 0x88, 0x4d, 0x48, 0xbd,
    0x13, 0xc4, 0xaf, 0x3d, 0xad, 0x13, 0xe7, 0x3d, 0x68, 0xf2, 0xe9, 0xbc,
    0x19, 0x9f, 0xd6, 0xbd, 0x4d, 0xa8, 0xaa, 0x3d, 0xc2, 0xce, 0x4e, 0xbe,
    0x0a, 0x95, 0x51, 0x3e, 0x29, 0x01, 0x48, 0x3e, 0xce, 0x7b, 0x80, 0xbc,
    0x41, 0xfb, 0xc7, 0xbd, 0x6e, 0x8e, 0x95, 0x3d, 0x2e, 0x9d, 0x22, 0xbe,
    0x17, 0x9c, 0x78, 0x3e, 0x88, 0x3c, 0x00, 0xbd, 0x36, 0x27, 0x6c, 0x3e,
    0xdb, 0x5b, 0x43, 0xbe, 0x28, 0x74, 0x98, 0x3d, 0x63, 0x8e, 0x0a, 0xbd,
    0x84, 0x27, 0x67, 0x3e, 0xbc, 0xc5, 0x51, 0xbe, 0xf4, 0xab, 0x1f, 0x3e,
    0x7a, 0xb6, 0x52, 0xbe, 0xc4, 0x69, 0x15, 0x3d, 0x61, 0xd2, 0x1f, 0x3e,
    0xf8, 0x60, 0x02, 0x3e, 0xc3, 0x21, 0x20, 0x3e, 0x33, 0xb2, 0xca, 0xbc,
    0xd0, 0x4b, 0x9b, 0xbd, 0xa0, 0xf5, 0x71, 0xbc, 0x78, 0xbe, 0x9d, 0xbd,
    0x6e, 0xff, 0x14, 0x3e, 0x7b, 0xab, 0x2c, 0xbe, 0x30, 0xfb, 0x41, 0x3c,
    0x64, 0xc6, 0x87, 0xbd, 0x3d, 0xc5, 0xd1, 0xbd, 0x2f, 0x17, 0x22, 0xbe,
    0xdd, 0x8d, 0x19, 0x3e, 0xa4, 0x81, 0x64, 0xbd, 0xd3, 0xb9, 0x0b, 0x3e,
    0x92, 0xa8, 0xc4, 0x3d, 0x72, 0x98, 0x46, 0x3e, 0x0b, 0xb7, 0xba, 0x3b,
    0x3b, 0xd7, 0xc4, 0x3d, 0x38, 0x01, 0x97, 0xbd, 0x37, 0xbd, 0x55, 0xbe,
    0x24, 0x75, 0x06, 0xbe, 0x2b, 0x92, 0xca, 0xbd, 0x7d, 0xd0, 0x17, 0x3e,
    0xcb, 0x94, 0x73, 0xbe, 0x6c, 0xc5, 0x15, 0xbe, 0xe4, 0x6a, 0x58, 0xbe,
    0xff, 0xa8, 0x81, 0xbd, 0x38, 0x55, 0x51, 0xbd, 0xa0, 0x9b, 0xf5, 0x3b,
    0xa3, 0x4e, 0x31, 0xbe, 0x21, 0xc1, 0x41, 0x3e, 0x66, 0x47, 0xc1, 0x3c,
    0x7e, 0x58, 0x7f, 0x3d, 0x1c, 0x28, 0x0c, 0x3e, 0x34, 0x9d, 0x37, 0x3e,
    0xcc, 0x06, 0x66, 0x3d, 0xb2, 0x67, 0xc5, 0x3d, 0x80, 0x92, 0x4b, 0xbe,
    0xf2, 0xf9, 0xc9, 0x3d, 0x38, 0x5d, 0xb4, 0x3c, 0xe4, 0xbf, 0x6e, 0x3d,
    0x52, 0x6d, 0xab, 0x3d, 0x8d, 0x3b, 0x04, 0x3e, 0x50, 0xc5, 0x5b, 0x3c,
    0xc9, 0xb2, 0x00, 0x3e, 0x40, 0xfd, 0xdf, 0x3b, 0x44, 0x13, 0x06, 0xbe,
    0x00, 0x08, 0x94, 0x3b, 0x1e, 0x8a, 0xa8, 0xbd, 0x80, 0xd6, 0x82, 0x3c,
    0xcd, 0xdc, 0x4d, 0x3e, 0x90, 0x06, 0x04, 0xbe, 0x08, 0x37, 0x86, 0xbc,
    0xe7, 0x3f, 0x00, 0xbe, 0x92, 0x89, 0xec, 0x3d, 0x4c, 0x3e, 0x41, 0xbd,
    0x12, 0x30, 0x9c, 0x3d, 0x46, 0xeb, 0xb8, 0x3d, 0xf0, 0x27, 0x0a, 0xbd,
    0xa4, 0x1c, 0x25, 0xbe, 0xd5, 0x9e, 0x10, 0x3e, 0x42, 0x2e, 0x9c, 0xbd,
    0x98, 0x5d, 0x94, 0x3c, 0x91, 0x4c, 0x2c, 0x3e, 0x8e, 0xe8, 0xdd, 0x3d,
    0xb1, 0xc4, 0xd1, 0xbd, 0x1a, 0x21, 0xa0, 0x3d, 0xef, 0xff, 0x42, 0x3e,
    0xc3, 0xd8, 0x59, 0xbe, 0xd7, 0x2d, 0xeb, 0xbd, 0x67, 0xb8, 0x41, 0xbe,
    0xd8, 0x99, 0xe7, 0x3c, 0x58, 0xf9, 0x9e, 0xbc, 0x9a, 0x15, 0x99, 0x3d,
    0x2e, 0xd9, 0xad, 0x3d, 0x0c, 0xfe, 0x02, 0xbe, 0x59, 0x6b, 0x4a, 0x3e,
    0x20, 0x4b, 0x32, 0xbe, 0x12, 0x19, 0x87, 0x3d, 0xe0, 0xab, 0x96, 0xbd,
    0x00, 0xe5, 0x06, 0xbc, 0xad, 0xf9, 0x31, 0x3e, 0xc6, 0x84, 0x26, 0xbe,
    0x3c, 0x8d, 0x7f, 0x3d, 0x80, 0x0d, 0x14, 0x3b, 0x50, 0x8b, 0xda, 0xbc,
    0xb5, 0x39, 0x22, 0xbe, 0x1d, 0x15, 0x5a, 0xbe, 0xfe, 0x79, 0xd5, 0xbd,
    0x32, 0x9c, 0xfa, 0x3d, 0x48, 0xec, 0xd9, 0xbc, 0x36, 0x89, 0xd7, 0x3d,
    0x29, 0x08, 0x57, 0x3e, 0xa6, 0x0b, 0xf3, 0xbd, 0xf6, 0xf1, 0x57, 0xbe,
    0x12, 0x32, 0x5a, 0xbe, 0xe8, 0x25, 0xba, 0x3c, 0x0d, 0xc0, 0x44, 0xbe,
    0xc0, 0x9c, 0x23, 0xbe, 0x3e, 0x9d, 0x12, 0xbe, 0x8d, 0x9c, 0xf4, 0x3c,
    0xbc, 0xe5, 0x68, 0xbd, 0x4d, 0xfc, 0x24, 0xbe, 0xe1, 0xe0, 0x2d, 0xbe,
    0xdd, 0x5b, 0x4c, 0xbe, 0x8d, 0x9b, 0x46, 0xbe, 0x06, 0x08, 0x30, 0xbe,
    0x6f, 0xe3, 0x8b, 0x3c, 0xdb, 0xa0, 0x1f, 0xbe, 0xc1, 0x1c, 0x45, 0xbe,
    0xe0, 0xe3, 0xca, 0x3b, 0x40, 0x94, 0x40, 0xbb, 0x9e, 0x52, 0x31, 0xbe,
    0x10, 0xdc, 0x1b, 0xbd, 0x42, 0x30, 0xd0, 0xbd, 0xbb, 0x88, 0x29, 0x3e,
    0x32, 0xd3, 0xf1, 0x3d, 0xd9, 0x6b, 0x1c, 0x3e, 0xad, 0x6c, 0x05, 0x3e,
    0x03, 0xc6, 0xd5, 0x3c, 0x04, 0x6a, 0x18, 0xbe, 0xa4, 0x43, 0x0f, 0xbd,
    0x68, 0xf3, 0xd9, 0x3c, 0xe3, 0x09, 0x05, 0xbe, 0x63, 0x30, 0x19, 0x3e,
    0xa6, 0xae, 0xbb, 0x3d, 0xee, 0x0a, 0xda, 0x3d, 0xd8, 0xae, 0x5f, 0xbd,
    0x0e, 0x9b, 0xc2, 0x3d, 0x5c, 0xc1, 0x3f, 0x3e, 0xe0, 0xdf, 0x27, 0x3c,
    0xcd, 0x6e, 0x46, 0x3e, 0xc0, 0xf1, 0x86, 0xbb, 0x59, 0xc6, 0x3d, 0x3e,
    0x00, 0xff, 0x51, 0xbe, 0x37, 0xd6, 0x2f, 0x3e, 0x16, 0x23, 0x91, 0x3d,
    0xe5, 0x0c, 0x2e, 0x3e, 0x43, 0x01, 0x50, 0xbe, 0x6f, 0xc4, 0xbf, 0xbd,
    0x12, 0x2c, 0xab, 0x3d, 0xdf, 0x82, 0x22, 0x3e, 0x3d, 0x2a, 0x0b, 0x3e,
    0x19, 0xc7, 0x2f, 0x3e, 0x89, 0xcd, 0x1a, 0x3e, 0xfa, 0x24, 0xbb, 0xbd,
    0x50, 0x0c, 0xb2, 0xbc, 0xd0, 0xd8, 0x90, 0x3c, 0x0f, 0x44, 0x35, 0x3e,
    0xa8, 0x6e, 0xd7, 0x3c, 0xd2, 0x1d, 0xfe, 0x3d, 0x45, 0xaf, 0x67, 0x3d,
    0x3c, 0x2e, 0x7c, 0xbd, 0xee, 0x44, 0xbd, 0x3d, 0x04, 0xa9, 0xd0, 0xbd,
    0x8a, 0xb3, 0x0f, 0xbe, 0xd3, 0x7b, 0xbf, 0xbd, 0x76, 0x2b, 0xef, 0x3d,
    0x59, 0x55, 0x3e, 0x3e, 0x74, 0x73, 0x75, 0xbb, 0x38, 0x86, 0x9e, 0xbd,
    0x06, 0x80, 0x6a, 0xbd, 0x50, 0xde, 0x4d, 0xbc, 0xcf, 0xaa, 0x14, 0x3e,
    0x70, 0x2f, 0xda, 0xbd, 0xf6, 0xb5, 0xb5, 0x3d, 0xdf, 0xcd, 0x28, 0x3e,
    0x98, 0x08, 0xcc, 0x3d, 0x7d, 0x50, 0xeb, 0xbc, 0xd4, 0xff, 0x40, 0xbd,
    0xcf, 0x1a, 0x7a, 0x3d, 0xd7, 0x50, 0xd4, 0x3d, 0xe4, 0x23, 0x5e, 0x3d,
    0xfe, 0xc8, 0x0e, 0x3e, 0xd8, 0x9c, 0xaa, 0xbd, 0x66, 0x33, 0xd8, 0x3d,
    0xbb, 0x58, 0x02, 0x3e, 0x20, 0x1c, 0x01, 0xbf, 0xac, 0x16, 0x0a, 0x3d,
    0xb7, 0x3b, 0x08, 0xbf, 0xac, 0xde, 0x5b, 0xbe, 0xc0, 0x78, 0x40, 0xbf,
    0xcb, 0xb1, 0x3d, 0x3e, 0x8c, 0xb1, 0x1b, 0xbf, 0xd3, 0x44, 0x06, 0xbe,
    0x27, 0x8f, 0xab, 0xbe, 0x01, 0x04, 0x5c, 0x3e, 0xe3, 0x9d, 0x9d, 0xbd,
    0xda, 0xa5, 0xd2, 0x3d, 0xdf, 0x25, 0x22, 0x3d, 0x6c, 0x84, 0x06, 0x3d,
    0xed, 0xd9, 0xa4, 0xbd, 0x8d, 0xdf, 0x0b, 0x3e, 0xb4, 0x9e, 0x80, 0x3e,
    0xe7, 0x39, 0xec, 0xbd, 0x00, 0xf3, 0xd0, 0x3a, 0x02, 0xe4, 0xa2, 0x3d,
    0xf5, 0x95, 0xb6, 0xbd, 0x86, 0x28, 0x4c, 0x3d, 0x78, 0x03, 0xe0, 0xbd,
    0x72, 0x8d, 0x3d, 0xbe, 0x1a, 0x2d, 0xe8, 0xbc, 0xa0, 0x8b, 0x3e, 0xbe,
    0xc2, 0x89, 0x8a, 0x3e, 0xe5, 0x64, 0x26, 0x3e, 0x16, 0x55, 0x83, 0x3d,
    0x24, 0xfb, 0x2f, 0x3d, 0xa2, 0x1d, 0x5b, 0x3e, 0x42, 0xb3, 0x91, 0xbe,
    0x6b, 0x5d, 0x8e, 0xbe, 0xa4, 0x26, 0x2f, 0xbe, 0x2e, 0xe4, 0x3a, 0xbe,
    0xb0, 0x96, 0x11, 0xbc, 0x90, 0xfe, 0x8b, 0xbd, 0xa1, 0xc2, 0x04, 0x3e,
    0xab, 0x9b, 0x9a, 0xbd, 0x9b, 0x58, 0x1c, 0x3e, 0xc2, 0x5b, 0x84, 0x3d,
    0xc5, 0x89, 0x23, 0xbe, 0xfe, 0x2e, 0xfa, 0x3d, 0xa0, 0x53, 0xd4, 0xbd,
    0xad, 0xeb, 0x3a, 0x3e, 0x56, 0x49, 0xff, 0x3d, 0x5c, 0x6d, 0x1e, 0x3e,
    0xc5, 0x42, 0xf0, 0xbe, 0x81, 0x61, 0xed, 0xbd, 0xff, 0x5f, 0xfc, 0xbd,
    0x51, 0x4f, 0x49, 0x3e, 0x93, 0x26, 0xb8, 0x3b, 0x29, 0x49, 0x0e, 0x3e,
    0xf3, 0xce, 0x25, 0x3e, 0x9e, 0x67, 0xf9, 0xbd, 0x7f, 0x5b, 0x38, 0xbe,
    0x16, 0xd4, 0xc8, 0xbd, 0xbe, 0x31, 0x06, 0xbd, 0x7d, 0x4d, 0xa2, 0xbc,
    0xc0, 0x72, 0x6a, 0xbd, 0x1f, 0x3e, 0x48, 0xbe, 0x3d, 0xe4, 0x47, 0xbc,
    0x3a, 0x74, 0x86, 0x3c, 0x0c, 0xf4, 0x74, 0x3d, 0xe9, 0x83, 0x05, 0xbe,
    0x76, 0xf6, 0x8a, 0x3d, 0xb5, 0x3e, 0x97, 0x3d, 0x42, 0x5b, 0xbd, 0x3d,
    0xc2, 0x0f, 0xdf, 0xbc, 0xc6, 0x9a, 0x38, 0xbe, 0x7e, 0x68, 0x57, 0xbe,
    0x12, 0xe4, 0x0d, 0x3e, 0xd7, 0x8f, 0xd7, 0xbd, 0x9f, 0x81, 0x5d, 0x3e,
    0x54, 0x2f, 0xb5, 0xbd, 0x96, 0x9c, 0xff, 0x3d, 0x06, 0xcd, 0x2e, 0xbe,
    0xd0, 0x9b, 0x04, 0xbd, 0xd2, 0xc2, 0x58, 0xbe, 0xd2, 0x97, 0xdb, 0x3d,
    0x62, 0xdd, 0x1e, 0x3e, 0xfc, 0x71, 0x0b, 0xbe, 0x56, 0x12, 0xed, 0x3d,
    0xe1, 0x15, 0x32, 0x3e, 0x96, 0xe0, 0xbf, 0x3d, 0xc4, 0x02, 0x27, 0x3e,
    0xed, 0x2d, 0x35, 0xbe, 0x4d, 0xa7, 0x13, 0x3e, 0xa8, 0xb6, 0x8e, 0xbd,
    0x23, 0xbf, 0x4e, 0xbe, 0x5f, 0xbc, 0x59, 0xbe, 0x0b, 0xcd, 0x3a, 0xbe,
    0x80, 0x98, 0xab, 0x3a, 0x8c, 0xd9, 0x38, 0xbe, 0x31, 0xb0, 0x32, 0x3b,
    0xf9, 0x8e, 0x02, 0x3d, 0x1b, 0x64, 0xde, 0x3d, 0x02, 0x5b, 0x40, 0xbe,
    0xd4, 0xb6, 0x97, 0xbd, 0x23, 0x30, 0x41, 0x3e, 0x54, 0x2a, 0x4a, 0xbd,
    0xe3, 0x65, 0xe8, 0xbd, 0xe0, 0x75, 0x91, 0x3d, 0xa7, 0x3a, 0xfa, 0xbd,
    0xc2, 0x75, 0xe0, 0x3d, 0xbf, 0x0c, 0x1f, 0x3c, 0x42, 0x16, 0x04, 0xbe,
    0xc9, 0x37, 0x44, 0x3e, 0x6b, 0x53, 0x3f, 0x3e, 0x76, 0xee, 0xfe, 0x3d,
    0xf4, 0xe2, 0x27, 0x3e, 0x67, 0x49, 0xcf, 0x3d, 0x10, 0xc0, 0x95, 0x3d,
    0x1c, 0x4f, 0x98, 0xbd, 0x79, 0xce, 0x2d, 0xbe, 0x59, 0xc2, 0x3b, 0x3e,
    0x73, 0x29, 0x23, 0x3e, 0x02, 0x15, 0x95, 0x3d, 0x62, 0x59, 0xdf, 0x3d,
    0xf5, 0x21, 0xc2, 0xbd, 0x12, 0xaf, 0x86, 0xbd, 0x49, 0x39, 0x9c, 0xbd,
    0xa6, 0xf1, 0xe4, 0x3d, 0x00, 0x2e, 0x37, 0xba, 0x9a, 0x3b, 0x29, 0x3c,
    0x82, 0x4d, 0xa7, 0xbd, 0x3f, 0xa0, 0x41, 0xbe, 0x9c, 0x9e, 0x42, 0x3d,
    0x95, 0xe4, 0x3f, 0x3e, 0x1b, 0x52, 0x59, 0xbe, 0x31, 0x67, 0xe5, 0x3c,
    0x02, 0x3c, 0x13, 0xbe, 0x64, 0xd9, 0x6e, 0x3d, 0x8f, 0xee, 0x06, 0xbe,
    0x41, 0x64, 0xb5, 0x3d, 0x90, 0x11, 0x7f, 0xbd, 0x40, 0x1b, 0x0f, 0x3e,
    0x8a, 0xb0, 0xb3, 0x3d, 0xf2, 0x83, 0x22, 0x3e, 0x63, 0x72, 0x36, 0xbe,
    0x18, 0x3d, 0x99, 0x3c, 0x68, 0x87, 0x92, 0xbd, 0x8e, 0x66, 0x30, 0x3e,
    0xba, 0x11, 0x1c, 0xbe, 0x08, 0xd1, 0xcd, 0x3b, 0x10, 0x97, 0x31, 0x3c,
    0x3a, 0x39, 0x84, 0xbd, 0x67, 0x7f, 0x36, 0x3e, 0x1e, 0x06, 0x47, 0xbe,
    0x8d, 0xff, 0x0a, 0x3e, 0x20, 0xbe, 0x9e, 0x3c, 0xf0, 0xa1, 0x0f, 0x3c,
    0x5b, 0xa9, 0x32, 0x3c, 0x71, 0x5d, 0x21, 0xbe, 0x5b, 0x38, 0x05, 0x3e,
    0x8f, 0xbb, 0x2b, 0x3e, 0x7c, 0xe0, 0x5a, 0xbd, 0x1c, 0x1b, 0x5e, 0xbd,
    0x4c, 0x88, 0x1a, 0x3d, 0x20, 0xe0, 0x60, 0x3e, 0xbc, 0x22, 0x46, 0x3e,
    0xb5, 0x0a, 0x13, 0xbe, 0x26, 0xc2, 0x80, 0x3d, 0x10, 0x60, 0x01, 0xbd,
    0xfe, 0xe0, 0x29, 0xbe, 0x7d, 0x34, 0x1e, 0x3e, 0x1e, 0xd1, 0x48, 0x3e,
    0x1c, 0xd8, 0x3c, 0xbe, 0x00, 0xbc, 0x10, 0xbc, 0x07, 0x00, 0x83, 0xbc,
    0x8a, 0x80, 0x57, 0xbe, 0x89, 0xf9, 0x30, 0xbe, 0x76, 0x73, 0x3f, 0xbe,
    0x90, 0xfd, 0x0d, 0xbe, 0xfd, 0xb7, 0xa8, 0x3d, 0x51, 0xc9, 0x09, 0xbd,
    0xb2, 0x03, 0xf1, 0x3d, 0xea, 0xda, 0x31, 0xbc, 0x00, 0x8f, 0xcb, 0x3d,
    0xf9, 0x3b, 0xf0, 0x3d, 0xc4, 0xc5, 0xa8, 0xbd, 0xc2, 0x64, 0xdb, 0x3d,
    0x8c, 0x8f, 0x40, 0x3d, 0x51, 0xc9, 0x38, 0xbe, 0xd4, 0x25, 0xb7, 0xbd,
    0x8a, 0x63, 0x8a, 0x3e, 0x78, 0x2b, 0x5b, 0xbe, 0x3a, 0x1e, 0xda, 0x3d,
    0x42, 0x06, 0xa5, 0x3d, 0x7c, 0xe3, 0x20, 0x3d, 0x30, 0x41, 0xaa, 0x3d,
    0x60, 0x34, 0x87, 0xbb, 0x26, 0x9b, 0x66, 0x3d, 0x94, 0x5d, 0x2a, 0xbd,
    0x3a, 0x53, 0x26, 0x3f, 0xa8, 0x49, 0x0d, 0xbd, 0xb1, 0x01, 0x13, 0x3f,
    0x4a, 0x11, 0xeb, 0x3d, 0x6a, 0x75, 0xd1, 0x3e, 0x4b, 0xa8, 0x03, 0xbd,
    0xcb, 0x9b, 0x01, 0x3e, 0xda, 0x08, 0x3d, 0xbe, 0x4b, 0xa2, 0xa8, 0xbd,
    0xd0, 0x4a, 0x15, 0xbc, 0xb6, 0xd7, 0x87, 0xbe, 0x29, 0xd6, 0x56, 0x3e,
    0xa3, 0x6c, 0xb2, 0x3d, 0xa6, 0x8f, 0x8f, 0x3d, 0x7b, 0x7d, 0xa1, 0xbd,
    0x12, 0xc6, 0x8d, 0x3d, 0x10, 0xee, 0x86, 0xbc, 0x3a, 0x17, 0xf0, 0x3d,
    0x18, 0x3a, 0x26, 0x3e, 0xd3, 0x64, 0x0d, 0xbe, 0xec, 0x42, 0x1a, 0x3d,
    0xe8, 0x61, 0xb5, 0x3c, 0xac, 0x74, 0xd5, 0x3e, 0xba, 0x90, 0xbc, 0xbc,
    0xcf, 0x21, 0x09, 0xbe, 0x9c, 0x11, 0x7f, 0x3d, 0x10, 0x34, 0x17, 0xbc,
    0x0b, 0x41, 0x15, 0x3e, 0xe6, 0x52, 0x02, 0xbe, 0xcf, 0x0a, 0x14, 0x3f,
    0xf2, 0x6e, 0xdb, 0x3d, 0x1e, 0x70, 0x26, 0xbe, 0xae, 0x37, 0xfa, 0x3d,
    0xe2, 0x40, 0x09, 0xbe, 0x7a, 0x88, 0xe7, 0x3d, 0xc8, 0x15, 0x68, 0xbd,
    0x97, 0x50, 0x22, 0x3e, 0x4d, 0x00, 0xc0, 0xbd, 0x84, 0x27, 0x5e, 0xbd,
    0x40, 0xaa, 0x69, 0x3b, 0xfd, 0xe2, 0x1a, 0x3e, 0x31, 0x6c, 0x0f, 0x3e,
    0x90, 0x0f, 0xb2, 0x3c, 0xac, 0xf0, 0x76, 0x3d, 0xde, 0xdb, 0xd8, 0xbd,
    0xa1, 0x63, 0x04, 0x3f, 0x6f, 0x90, 0x21, 0x3e, 0xb9, 0x46, 0x6a, 0x3e,
    0x56, 0x05, 0xd2, 0x3d, 0xcc, 0x7b, 0x5e, 0xbe, 0xd8, 0x59, 0xa4, 0xbd,
    0x00, 0xd1, 0x78, 0xbb, 0xa5, 0x20, 0x02, 0x3d, 0x12, 0xdf, 0x86, 0x3c,
    0xe0, 0x2f, 0x8f, 0xbd, 0xc8, 0x80, 0x3b, 0x3e, 0xf5, 0xdc, 0x9d, 0x3d,
    0xa4, 0x32, 0x8b, 0xbd, 0x34, 0x9a, 0x48, 0xbd, 0x13, 0x30, 0xd2, 0x3c,
    0x03, 0xfe, 0x9d, 0xbd, 0x87, 0x93, 0xfa, 0xbd, 0x7a, 0x74, 0x20, 0x3e,
    0x46, 0xfc, 0x9a, 0xbd, 0xe9, 0x80, 0x57, 0x3c, 0x80, 0x01, 0x24, 0xbd,
    0x8e, 0xd3, 0x77, 0xbe, 0x5f, 0x0d, 0x0f, 0xbe, 0xdd, 0xde, 0x98, 0x3d,
    0x0a, 0x9e, 0x6f, 0x3b, 0x17, 0x6f, 0x68, 0xbc, 0x34, 0x34, 0x66, 0x3d,
    0x01, 0xcc, 0x97, 0xbd, 0xc5, 0x8d, 0x30, 0x3e, 0x0b, 0x3f, 0x72, 0x3d,
    0x1a, 0x36, 0x82, 0x3d, 0x8e, 0xce, 0x3d, 0x3c, 0xea, 0xbc, 0x3a, 0xbe,
    0xad, 0x39, 0x41, 0x3e, 0x85, 0x7c, 0x4d, 0x3e, 0xec, 0x6b, 0x10, 0xbd,
    0xa6, 0x61, 0xba, 0x3d, 0xf5, 0xa6, 0x82, 0xbc, 0x0c, 0x83, 0x2e, 0xbe,
    0x22, 0x8b, 0x35, 0xbe, 0x52, 0x6a, 0xe3, 0x3d, 0xee, 0xdf, 0x48, 0xbe,
    0x5f, 0x01, 0x78, 0xbd, 0x0f, 0xef, 0x8c, 0xbd, 0xba, 0xa6, 0x80, 0x3d,
    0x28, 0x21, 0x2c, 0xbe, 0x0c, 0xd2, 0xbf, 0xbd, 0x19, 0x50, 0xab, 0x3d,
    0xc0, 0x09, 0x82, 0xbe, 0x99, 0x78, 0xbb, 0x3d, 0x7b, 0x4b, 0x66, 0xbd,
    0x40, 0xa8, 0xe2, 0xbc, 0x23, 0x76, 0xc6, 0xbd, 0x13, 0x76, 0x47, 0xbe,
    0x7c, 0xc4, 0x56, 0x3d, 0x75, 0x98, 0xe2, 0xbc, 0x94, 0xf1, 0x45, 0xbd,
    0x78, 0xf3, 0xe7, 0xbc, 0xac, 0xe5, 0x19, 0x3c, 0x87, 0xda, 0xd5, 0xbd,
    0x00, 0x1b, 0x4f, 0xbb, 0xf5, 0x95, 0x51, 0x3e, 0xac, 0x19, 0x39, 0x3d,
    0xce, 0xd2, 0xc9, 0xbd, 0xd0, 0xe7, 0x5a, 0xbd, 0xf7, 0x24, 0xba, 0x3c,
    0x3e, 0x88, 0xbb, 0xbd, 0x89, 0xee, 0x43, 0xbe, 0xe7, 0x45, 0x82, 0xbd,
    0x00, 0x19, 0x5b, 0x3c, 0x39, 0xf4, 0x17, 0xbe, 0xc3, 0x2f, 0x9f, 0x3d,
    0xe8, 0x8c, 0x92, 0xbb, 0xb0, 0x5b, 0x4c, 0xbe, 0xfe, 0x35, 0x33, 0xbe,
    0xf1, 0xa4, 0x5f, 0x3e, 0x8c, 0xb8, 0x6f, 0x3d, 0x56, 0xd5, 0x23, 0xbe,
    0x12, 0x5d, 0x1b, 0xbe, 0x99, 0xf8, 0x51, 0x3e, 0x58, 0x48, 0x9e, 0x3c,
    0xbb, 0x05, 0xe7, 0x3d, 0xa0, 0xa7, 0xde, 0xbb, 0x15, 0xe1, 0x74, 0xbe,
    0x43, 0xab, 0x31, 0x3e, 0xdf, 0x32, 0x54, 0xbe, 0x8e, 0x2a, 0xc3, 0x3d,
    0x25, 0xf8, 0x7c, 0xbd, 0xbc, 0x3c, 0xa7, 0x3d, 0x74, 0x0d, 0x6e, 0xbe,
    0x27, 0x81, 0x2c, 0xbe, 0xe1, 0x5f, 0xdc, 0x3d, 0xb0, 0x26, 0x15, 0xbd,
    0xc3, 0x0b, 0x95, 0x3e, 0xb6, 0x09, 0xd4, 0x3d, 0xd1, 0x62, 0x52, 0x3e,
    0xe2, 0x91, 0xbf, 0xbd, 0x1e, 0x90, 0xe7, 0xbd, 0xc5, 0x73, 0x39, 0xbe,
    0xb2, 0x17, 0xbb, 0xbd, 0x58, 0xef, 0x18, 0xbe, 0x5f, 0xae, 0x1e, 0x3e,
    0x97, 0x1e, 0x07, 0xbd, 0x04, 0x7d, 0x51, 0xbe, 0xae, 0xba, 0xa0, 0xbd,
    0x38, 0x22, 0x30, 0x3d, 0xeb, 0xb9, 0x23, 0xbe, 0xf3, 0x40, 0xa9, 0x3d,
    0xea, 0x9a, 0x1a, 0xbe, 0x9a, 0x3a, 0xd0, 0x3d, 0x99, 0xd3, 0x07, 0x3e,
    0x2f, 0x5a, 0x36, 0xbe, 0x94, 0xf9, 0xb3, 0x3d, 0x09, 0xa3, 0x66, 0xbd,
    0x5e, 0x3b, 0x5a, 0x3e, 0x4a, 0x58, 0xcf, 0x3d, 0x2e, 0xff, 0x11, 0xbe,
    0x04, 0x29, 0x49, 0xbd, 0x59, 0x08, 0xf6, 0xbd, 0xfb, 0xa8, 0xdf, 0x3d,
    0x31, 0x32, 0x43, 0x3e, 0xd8, 0x8e, 0xa5, 0xbc, 0x1d, 0x40, 0x3e, 0x3e,
    0xba, 0x78, 0x4f, 0xbe, 0x9e, 0x82, 0xb5, 0x3d, 0x88, 0xf9, 0xd6, 0xbc,
    0x58, 0xbc, 0x59, 0xbe, 0x23, 0xaa, 0x0c, 0x3e, 0x64, 0x25, 0x76, 0xbe,
    0x7a, 0xe0, 0x27, 0x3e, 0x53, 0x4d, 0x3a, 0xbe, 0x0c, 0x3e, 0x8a, 0xbd,
    0xac, 0x62, 0x2b, 0x3d, 0x70, 0xfa, 0x8a, 0xbd, 0x0f, 0xaa, 0x4b, 0x3e,
    0x20, 0x9a, 0x47, 0xbe, 0x6f, 0x6a, 0x2a, 0xbe, 0x34, 0x7f, 0x22, 0x3d,
    0xfa, 0xfe, 0xff, 0x3d, 0xe6, 0xbc, 0x3c, 0xbe, 0x73, 0x0d, 0x11, 0xbe,
    0x2a, 0x0c, 0x94, 0xbd, 0xe4, 0x2a, 0x22, 0x3d, 0xa4, 0xcb, 0x12, 0xbe,
    0xe9, 0x91, 0x54, 0xbe, 0xb6, 0x8f, 0xe4, 0x3d, 0x42, 0xa0, 0x8e, 0x3d,
    0xab, 0xac, 0x29, 0xbe, 0xe5, 0x6e, 0x55, 0x3e, 0x76, 0x5c, 0xf6, 0xbd,
    0x70, 0xd6, 0x15, 0x3c, 0x41, 0x57, 0x3e, 0x3e, 0x36, 0xbc, 0xe9, 0xbd,
    0x40, 0x5e, 0xbe, 0xbb, 0x18, 0xa2, 0xbb, 0x3c, 0x3c, 0x91, 0x5f, 0xbd,
    0xf0, 0x2b, 0xcf, 0xbd, 0x36, 0xcd, 0x55, 0xbe, 0x2a, 0x84, 0x94, 0x3d,
    0xf0, 0x5d, 0x09, 0xbd, 0xe6, 0xdd, 0xf6, 0x3d, 0x9b, 0x61, 0x5a, 0xbe,
    0x28, 0xbc, 0x91, 0xbd, 0x27, 0xb5, 0x48, 0x3e, 0x22, 0x45, 0x5c, 0xbe,
    0x1a, 0xc4, 0x82, 0xbd, 0xb2, 0x61, 0x0e, 0xbe, 0x1c, 0x46, 0x23, 0x3d,
    0x90, 0x0a, 0xf0, 0x3c, 0xf8, 0x26, 0x6f, 0xbd, 0x1c, 0xec, 0x81, 0xbd,
    0x11, 0xe7, 0x2b, 0x3e, 0x80, 0x5b, 0xa1, 0x3a, 0x56, 0x42, 0xf3, 0x3d,
    0x38, 0xc8, 0x82, 0xbc, 0x80, 0x4b, 0x93, 0xbd, 0xc2, 0xa4, 0xeb, 0xbd,
    0xd0, 0x8e, 0x12, 0x3c, 0x80, 0xba, 0xcc, 0x3b, 0x1f, 0xa7, 0x4e, 0x3e,
    0x24, 0xe5, 0x0e, 0x3d, 0xfd, 0x33, 0xfb, 0xbd, 0x62, 0xca, 0xc3, 0x3d,
    0x85, 0x62, 0xbf, 0xbd, 0x4b, 0xa0, 0xc7, 0xbd, 0x1a, 0xd3, 0xb8, 0x3d,
    0xef, 0x88, 0x41, 0x3e, 0x00, 0x95, 0xc1, 0x3c, 0x5d, 0x63, 0x57, 0x3e,
    0x9c, 0xbb, 0x37, 0xbe, 0x30, 0xf8, 0x48, 0x3c, 0x18, 0xa0, 0xf1, 0xbc,
    0x1e, 0xf1, 0xa2, 0x3d, 0x18, 0xed, 0x11, 0xbd, 0xca, 0xed, 0x8e, 0x3d,
    0x72, 0xc7, 0xd5, 0xbd, 0x8c, 0x85, 0xae, 0xbd, 0x59, 0x07, 0x45, 0xbe,
    0xe0, 0xca, 0x4d, 0xbd, 0x6e, 0x05, 0xc4, 0x3d, 0xf0, 0xdd, 0x33, 0x3c,
    0xe0, 0x69, 0x55, 0xbc, 0x34, 0xbd, 0x46, 0x3d, 0x34, 0x86, 0x9a, 0xbd,
    0x43, 0x2e, 0x06, 0xbe, 0x6b, 0x4d, 0x3e, 0xbe, 0xd6, 0xc8, 0x3a, 0xbe,
    0xb8, 0x57, 0x38, 0xbd, 0xf4, 0x42, 0x35, 0x3d, 0x71, 0x51, 0x51, 0xbe,
    0x16, 0x92, 0x8c, 0x3d, 0xc0, 0x1d, 0x89, 0xbc, 0xef, 0x64, 0x5d, 0x3e,
    0x47, 0x68, 0x24, 0x3e, 0x75, 0xde, 0x57, 0x3e, 0xe0, 0xd9, 0x03, 0x3d,
    0x80, 0x2e, 0x8f, 0xbd, 0x99, 0x85, 0x2b, 0x3e, 0xf0, 0x79, 0x58, 0xbe,
    0xf8, 0xc1, 0xe0, 0xbd, 0x7e, 0x68, 0xb3, 0xbd, 0xe5, 0x30, 0xe5, 0xbd,
    0xc8, 0x45, 0x1e, 0xbe, 0xea, 0xc9, 0x8d, 0x3d, 0x37, 0x68, 0x59, 0x3e,
    0xac, 0x0e, 0x02, 0xbd, 0x75, 0x08, 0x11, 0x3e, 0x86, 0xa0, 0xae, 0x3d,
    0x6b, 0xba, 0x46, 0x3e, 0xce, 0xeb, 0xe4, 0x3d, 0xb9, 0xb0, 0x59, 0x3e,
    0x16, 0xfd, 0xe6, 0x3d, 0x6a, 0x4e, 0xb1, 0x3d, 0x9e, 0xb1, 0xca, 0xbd,
    0xc1, 0xfb, 0x33, 0x3e, 0xdb, 0x2d, 0x57, 0x3e, 0x78, 0x56, 0xac, 0xbc,
    0xb6, 0xce, 0xd1, 0x3d, 0x22, 0x4b, 0x10, 0xbe, 0xc2, 0x2b, 0x97, 0x3d,
    0x88, 0xa5, 0x65, 0xbd, 0x00, 0x61, 0xed, 0xba, 0xb0, 0x77, 0x3b, 0x3c,
    0xac, 0x07, 0x5a, 0x3d, 0xd0, 0x42, 0x2b, 0xbd, 0xc4, 0x49, 0x7a, 0x3d,
    0xb6, 0xc5, 0x33, 0xbe, 0xa9, 0xa3, 0x25, 0xbe, 0xd6, 0xa9, 0x4d, 0xbe,
    0xa0, 0x87, 0x21, 0xbd, 0x2b, 0x8e, 0x14, 0x3e, 0x6a, 0x33, 0xd1, 0x3d,
    0x78, 0xdd, 0x63, 0xbd, 0x00, 0x09, 0x47, 0xba, 0xf9, 0xcf, 0xd5, 0xbd,
    0x12, 0x92, 0x9b, 0xbd, 0x0d, 0x8e, 0x30, 0x3e, 0x90, 0x27, 0x1c, 0xbd,
    0x9b, 0x98, 0x37, 0xbe, 0x7d, 0xd7, 0xa7, 0xbd, 0x55, 0x5a, 0xa0, 0x3c,
    0x9e, 0x30, 0x9f, 0x3d, 0x0b, 0x8b, 0x1d, 0x3e, 0xee, 0xe7, 0x1f, 0xbe,
    0xca, 0x8b, 0xee, 0xba, 0xcd, 0x9f, 0x27, 0x3e, 0x25, 0xa0, 0x0a, 0x3e,
    0x57, 0x28, 0xbe, 0x3d, 0xd0, 0xc2, 0x3d, 0xbe, 0xee, 0x7d, 0xb8, 0x3d,
    0x09, 0xc3, 0xa8, 0x3e, 0xe1, 0x90, 0x24, 0x3e, 0xf5, 0x3c, 0x28, 0xbe,
    0x53, 0x45, 0x62, 0xbe, 0x00, 0xa4, 0xb0, 0xb9, 0xc0, 0xf5, 0x9a, 0x3e,
    0x22, 0x49, 0xb3, 0x3d, 0x18, 0x96, 0x56, 0x3d, 0x03, 0xcd, 0x12, 0x3e,
    0x89, 0x83, 0xbc, 0xbd, 0x3d, 0xfe, 0xf0, 0x3c, 0xd9, 0x53, 0x70, 0x3e,
    0xe5, 0x77, 0x00, 0x3e, 0x12, 0xda, 0xf4, 0x3c, 0xba, 0x35, 0x8e, 0x3d,
    0x84, 0x92, 0x90, 0xbd, 0x59, 0xd5, 0x2c, 0x3e, 0x30, 0x26, 0x88, 0x3e,
    0x76, 0x26, 0x81, 0x3d, 0x48, 0xed, 0xcf, 0x3d, 0x82, 0x03, 0xa7, 0x3d,
    0x00, 0xe0, 0x1a, 0xbd, 0x26, 0x0e, 0xf8, 0x3d, 0xba, 0x01, 0x81, 0x3d,
    0x4a, 0x08, 0x9b, 0x3d, 0x3b, 0xd4, 0x2d, 0x3e, 0xe8, 0x9c, 0xaf, 0xbc,
    0x70, 0x72, 0xd8, 0xbc, 0x7f, 0x5c, 0xb4, 0x3e, 0xbf, 0xda, 0x83, 0x3e,
    0xc2, 0x73, 0x53, 0xbe, 0xf6, 0xe3, 0xd6, 0xbd, 0x8a, 0xa9, 0x94, 0xbd,
    0x1d, 0x33, 0x8e, 0x3e, 0x49, 0xa4, 0xdf, 0x3e, 0xe4, 0x9d, 0xa1, 0x3e,
    0x68, 0x1e, 0x37, 0x3e, 0xc0, 0x44, 0xe6, 0xbd, 0x34, 0xe6, 0x2d, 0xbd,
    0xbd, 0xda, 0x07, 0x3e, 0x55, 0x24, 0x07, 0x3e, 0xe3, 0xe5, 0x25, 0xbe,
    0xa2, 0x57, 0xfb, 0x3d, 0xed, 0x2c, 0x52, 0xbe, 0xca, 0x66, 0x60, 0x3d,
    0x6c, 0xd6, 0x5f, 0x3d, 0x5f, 0x52, 0x53, 0x3e, 0xb4, 0x5b, 0x0e, 0xbd,
    0x40, 0x74, 0xb3, 0x3c, 0x95, 0xdc, 0x06, 0xbe, 0x25, 0x13, 0x75, 0x3e,
    0x2e, 0x8b, 0x52, 0x3e, 0x23, 0x19, 0xf4, 0xbd, 0x0e, 0x2f, 0x52, 0xbd,
    0xcd, 0x6d, 0x5d, 0x3e, 0xcf, 0xc4, 0x41, 0x3e, 0x1c, 0xaa, 0x00, 0xbe,
    0xcd, 0x47, 0x8e, 0x3d, 0x71, 0xa7, 0x7f, 0x3e, 0x4c, 0x33, 0xe9, 0xbd,
    0x6a, 0x15, 0x4f, 0xbe, 0xfe, 0x28, 0xd4, 0x3d, 0xc7, 0x32, 0x51, 0x3e,
    0x13, 0xff, 0x00, 0xbe, 0x6c, 0x63, 0xc7, 0xbe, 0x5c, 0x00, 0x3d, 0x3e,
    0xe0, 0x49, 0xc1, 0x3c, 0x96, 0x04, 0xe7, 0xbe, 0x13, 0x9d, 0x59, 0x3e,
    0x47, 0x83, 0xb4, 0xbd, 0xe9, 0x06, 0x58, 0x3e, 0x4e, 0x1a, 0xaf, 0x3d,
    0xf4, 0x0f, 0xb5, 0xbd, 0x5a, 0xff, 0xdc, 0x3d, 0xce, 0x3f, 0x51, 0xbe,
    0x85, 0x98, 0xc7, 0xbe, 0x04, 0x1c, 0x15, 0xbd, 0x4f, 0x79, 0xc6, 0x3d,
    0x99, 0x89, 0xd3, 0xbd, 0xc4, 0xa9, 0x92, 0x3e, 0x71, 0x67, 0x12, 0x3e,
    0xac, 0x58, 0xf9, 0xbd, 0xc4, 0x49, 0x78, 0x3d, 0xc6, 0xba, 0x49, 0x3d,
    0x8f, 0xca, 0x4d, 0x3e, 0xd4, 0xaf, 0xba, 0xbd, 0x57, 0xc9, 0x3d, 0x3e,
    0xcc, 0x12, 0x85, 0xbe, 0xf1, 0xda, 0xb4, 0xbe, 0x00, 0x55, 0xd9, 0x3a,
    0x2c, 0xd0, 0x2d, 0x3d, 0x6c, 0x97, 0xf0, 0xbe, 0x24, 0x8e, 0xf1, 0xbe,
    0xa0, 0x9b, 0x1d, 0x3e, 0x1c, 0x8c, 0x17, 0x3d, 0x28, 0x00, 0xd3, 0x3c,
    0x33, 0x84, 0x2d, 0x3e, 0xcf, 0xcd, 0xc4, 0xbd, 0x7d, 0xd7, 0x06, 0xbe,
    0xe0, 0xc1, 0xa2, 0xbe, 0xb4, 0x48, 0xa9, 0xbe, 0x32, 0x54, 0x90, 0x3d,
    0x0c, 0x13, 0x1c, 0x3d, 0xe1, 0x0c, 0xc7, 0xbd, 0xdb, 0x44, 0x58, 0x3e,
    0x46, 0x67, 0xc6, 0x3e, 0x4e, 0x5b, 0x90, 0x3d, 0x20, 0x40, 0x46, 0x3c,
    0xc9, 0x68, 0xb7, 0xbe, 0x29, 0x37, 0x58, 0x3e, 0x31, 0x9f, 0x2a, 0x3e,
    0x25, 0xec, 0x2e, 0x3e, 0x5c, 0x5a, 0x3a, 0xbd, 0x76, 0x1d, 0xa0, 0x3e,
    0x61, 0x37, 0x34, 0x3d, 0x46, 0x3c, 0xf5, 0xbe, 0xc0, 0xc3, 0xaf, 0xbc,
    0x94, 0x07, 0x14, 0xbe, 0x33, 0xed, 0x53, 0x3e, 0x84, 0x40, 0xd1, 0xbd,
    0xcc, 0xed, 0x9d, 0xbd, 0x00, 0xe1, 0x8e, 0xbb, 0x6c, 0x4f, 0x31, 0xbd,
    0x51, 0x9a, 0x48, 0x3e, 0x3b, 0xa9, 0x31, 0x3e, 0x4b, 0x16, 0x1c, 0x3e,
    0xc0, 0x60, 0xa3, 0xbb, 0x3c, 0x1f, 0x78, 0x3d, 0x23, 0x3d, 0x0c, 0x3e,
    0x5a, 0xe4, 0xa3, 0x3d, 0xc4, 0xd3, 0x71, 0x3d, 0xfa, 0x0e, 0x91, 0xbd,
    0x00, 0xa3, 0xfa, 0x3b, 0x06, 0xc9, 0xff, 0x3d, 0x84, 0x41, 0x2d, 0xbe,
    0xc0, 0x39, 0x9e, 0x3b, 0xbd, 0x69, 0x5a, 0x3e, 0x11, 0xba, 0xd3, 0xbd,
    0x7a, 0xc0, 0xdd, 0x3d, 0xe0, 0x91, 0xea, 0xbd, 0x21, 0x74, 0x4f, 0xbe,
    0x2c, 0xaa, 0x16, 0xbe, 0x42, 0xdd, 0xd9, 0x3d, 0x94, 0x13, 0x91, 0xbd,
    0xaa, 0x48, 0x01, 0xbe, 0xff, 0xf5, 0x36, 0x3e, 0xdc, 0x4e, 0x16, 0x3d,
    0x4c, 0x85, 0x0a, 0xbd, 0xf6, 0x50, 0x91, 0xbd, 0x1c, 0x14, 0x7d, 0xbd,
    0x4b, 0xe9, 0x39, 0x3e, 0xe2, 0xbb, 0x91, 0x3d, 0x27, 0xae, 0x57, 0xbe,
    0x40, 0x8a, 0xb1, 0xbb, 0x78, 0x66, 0xb7, 0xbc, 0xe2, 0x09, 0xfa, 0x3d,
    0x1f, 0xf5, 0x2c, 0x3e, 0xfc, 0x54, 0x3c, 0xbe, 0xf1, 0xea, 0x24, 0x3e,
    0xa3, 0x8d, 0x19, 0xbe, 0x28, 0x53, 0x20, 0xbd, 0x2b, 0x16, 0x43, 0x3e,
    0xf0, 0xe3, 0x47, 0xbe, 0xd0, 0xf5, 0xce, 0x3c, 0xb2, 0xc7, 0x86, 0x3d,
    0x15, 0x92, 0x31, 0x3e, 0x70, 0x7c, 0x57, 0xbe, 0xf8, 0x94, 0x3f, 0xbd,
    0xf3, 0xab, 0xef, 0xbd, 0x2c, 0xd2, 0x47, 0xbe, 0x37, 0xee, 0x2b, 0x3e,
    0xe3, 0x4f, 0xd1, 0xbd, 0xaa, 0xb1, 0x08, 0xbe, 0x61, 0x16, 0x4f, 0xbe,
    0x86, 0x31, 0x04, 0xbe, 0xfb, 0xb9, 0x45, 0x3e, 0x75, 0x9d, 0x30, 0x3e,
    0xa3, 0xdc, 0x50, 0xbe, 0xc5, 0xb7, 0xcc, 0xbd, 0x68, 0xc3, 0x01, 0xbe,
    0x90, 0x86, 0xb3, 0x3c, 0x18, 0x28, 0x23, 0xbe, 0xf8, 0x49, 0x7e, 0xbd,
    0x2a, 0x17, 0x2b, 0xbe, 0x22, 0xdc, 0xd7, 0x3d, 0x7c, 0x44, 0x4e, 0xbe,
    0x58, 0x2c, 0x24, 0xbe, 0x8f, 0x8e, 0x53, 0x3e, 0x0b, 0xcf, 0x3c, 0xbe,
    0x04, 0x63, 0x1e, 0x3e, 0xee, 0xad, 0x10, 0xbe, 0xa2, 0x80, 0xd6, 0xbd,
    0xc5, 0xa9, 0x1e, 0x3e, 0xeb, 0xa4, 0x4e, 0xbe, 0x66, 0xde, 0xd4, 0x3d,
    0x97, 0x91, 0x27, 0x3e, 0x5b, 0x4e, 0x03, 0x3e, 0x1e, 0x6d, 0x23, 0xbe,
    0x7a, 0xd8, 0xc4, 0xbd, 0x81, 0x34, 0x12, 0x3e, 0xaa, 0x0e, 0x83, 0x3d,
    0xb0, 0xf1, 0x32, 0x3e, 0x83, 0xe5, 0x07, 0xbe, 0xcd, 0x45, 0x5d, 0x3e,
    0x92, 0x01, 0xe4, 0x3d, 0xa9, 0x05, 0x27, 0x3e, 0x3f, 0x45, 0xc8, 0xbd,
    0x14, 0xb7, 0x8d, 0xbd, 0x25, 0xb0, 0x3e, 0x3e, 0xa0, 0xd6, 0x31, 0xbd,
    0xd8, 0x23, 0xbf, 0xbc, 0xf8, 0x53, 0x64, 0xbd, 0xcf, 0x1c, 0x4d, 0x3e,
    0xf0, 0x25, 0x41, 0xbc, 0xac, 0xc1, 0x22, 0x3d, 0x06, 0x37, 0xf3, 0x3d,
    0xde, 0xc7, 0xb2, 0x3d, 0xf0, 0x29, 0xc7, 0xbc, 0x92, 0xc9, 0xda, 0xbd,
    0x89, 0x15, 0x06, 0x3e, 0xa2, 0x13, 0xd6, 0x3d, 0xf8, 0x66, 0x5f, 0xbd,
    0xe9, 0x82, 0x1f, 0x3e, 0x70, 0x7f, 0xc0, 0xbc, 0xfc, 0x96, 0xb3, 0xbd,
    0x5a, 0x91, 0xea, 0xbc, 0xa7, 0x69, 0x20, 0xbe, 0x77, 0x98, 0x94, 0x3d,
    0x2b, 0x23, 0x2f, 0x3e, 0xde, 0xa9, 0x1c, 0xbe, 0xb4, 0x56, 0x1f, 0xbe,
    0x45, 0x20, 0x3f, 0xbe, 0x67, 0x1b, 0x1c, 0x3e, 0x7c, 0xd6, 0x07, 0xbe,
    0xf0, 0x01, 0x58, 0xbd, 0x04, 0x71, 0x2a, 0x3d, 0x24, 0xfa, 0x9e, 0xbd,
    0x7a, 0xbb, 0x2a, 0xbe, 0xbd, 0xe0, 0x5a, 0x3e, 0xa0, 0xaa, 0x03, 0xbd,
    0x8d, 0x42, 0xcd, 0xbd, 0xbe, 0x89, 0x39, 0xbd, 0x0a, 0x82, 0x14, 0xbe,
    0x6e, 0xa3, 0x4a, 0xbe, 0xef, 0x85, 0x11, 0x3e, 0xa5, 0xe6, 0xa9, 0x3d,
    0x3a, 0x27, 0x2b, 0x3e, 0xb9, 0xda, 0x47, 0x3e, 0x87, 0x13, 0x3b, 0xbe,
    0x10, 0xac, 0x6e, 0xbd, 0xba, 0xad, 0x0f, 0x3e, 0xaa, 0xd7, 0xba, 0xbd,
    0x83, 0x29, 0x66, 0xbe, 0x70, 0x22, 0x1a, 0x3e, 0x27, 0x7b, 0x52, 0xbe,
    0xf6, 0x76, 0xd5, 0x3d, 0xd1, 0x25, 0x2a, 0x3d, 0x01, 0x62, 0x18, 0xbb,
    0x2b, 0xd4, 0x39, 0x3e, 0x69, 0x72, 0x35, 0x3e, 0x22, 0x96, 0xdc, 0x3d,
    0x78, 0x32, 0x35, 0x3e, 0x56, 0x96, 0x04, 0xbe, 0xdd, 0x88, 0x17, 0x3e,
    0x66, 0x14, 0xf9, 0x3d, 0xd1, 0x31, 0x92, 0x3d, 0x51, 0x03, 0x1f, 0xbe,
    0x30, 0x7a, 0xe5, 0xbd, 0x70, 0x2c, 0xb5, 0xbc, 0x2b, 0x9c, 0x36, 0x3e,
    0xd7, 0x8f, 0x09, 0x3e, 0x27, 0x03, 0xb0, 0xbd, 0xfc, 0x4e, 0x45, 0xbe,
    0xf1, 0x30, 0x19, 0x3d, 0xf2, 0xce, 0xb7, 0x3d, 0x86, 0x06, 0x2b, 0xbd,
    0x60, 0x4d, 0x0f, 0xbd, 0x7a, 0x36, 0xd7, 0xbd, 0x46, 0x17, 0x19, 0xbe,
    0x8c, 0xc3, 0xe7, 0x3d, 0xcf, 0x38, 0x22, 0xbe, 0xf6, 0xb0, 0xd4, 0x3d,
    0x34, 0xa1, 0xc5, 0xbd, 0x88, 0x2b, 0x01, 0xbe, 0x52, 0x94, 0xe3, 0x3d,
    0x14, 0x1d, 0x11, 0xbd, 0x9e, 0x55, 0xcb, 0x3d, 0xac, 0x85, 0x0a, 0x3d,
    0x0b, 0xa5, 0x59, 0xbe, 0xc8, 0x6e, 0xf1, 0xbd, 0x02, 0xcb, 0x4c, 0x3e,
    0xa9, 0x64, 0x1d, 0xbe, 0x63, 0x13, 0x65, 0xbd, 0xec, 0x4d, 0x00, 0xbe,
    0xad, 0xfd, 0xcf, 0xbd, 0x67, 0x1c, 0xcf, 0xbd, 0xb4, 0xaa, 0x07, 0xbd,
    0x45, 0xbc, 0x27, 0x3e, 0x93, 0x01, 0x0a, 0xbe, 0x0a, 0xb2, 0x17, 0xbe,
    0x53, 0x52, 0x11, 0xbe, 0x64, 0x03, 0x00, 0xbe, 0x6e, 0x9d, 0xc0, 0xbd,
    0xee, 0xdc, 0xe9, 0xbd, 0xdc, 0x78, 0x67, 0xbd, 0x08, 0x5a, 0x00, 0x3e,
    0x1d, 0x87, 0x9e, 0x3e, 0xc4, 0xe3, 0x39, 0x3e, 0x85, 0x82, 0x2a, 0xbe,
    0xc0, 0x69, 0x9e, 0xbb, 0x76, 0x14, 0x1e, 0xbe, 0xbd, 0x0b, 0x0a, 0x3e,
    0xb0, 0x94, 0xf6, 0x3c, 0xfa, 0x91, 0x85, 0x3d, 0x58, 0x08, 0xcb, 0x3c,
    0xcb, 0x24, 0x5c, 0xbe, 0x35, 0xe9, 0x29, 0x3e, 0xce, 0x05, 0xef, 0x3d,
    0x64, 0x2c, 0x1f, 0x3d, 0xcc, 0x6f, 0xee, 0xbd, 0x7a, 0x48, 0xd3, 0x3d,
    0x84, 0xac, 0x30, 0xbe, 0xc4, 0xbb, 0x4f, 0xbe, 0x1a, 0xc0, 0x17, 0xbe,
    0x52, 0xf5, 0xb7, 0x3d, 0x20, 0x76, 0x46, 0xbe, 0x1e, 0x55, 0x2c, 0xbe,
    0xa3, 0x9b, 0x25, 0x3e, 0xb0, 0x9c, 0x06, 0x3c, 0x5e, 0xbb, 0xd2, 0x3d,
    0x10, 0x27, 0x4c, 0xbd, 0xc0, 0x03, 0x80, 0xbd, 0x3c, 0x36, 0xa9, 0xbd,
    0x50, 0x7e, 0x2f, 0xbe, 0x90, 0xd9, 0x20, 0x3c, 0x24, 0x8c, 0x14, 0x3d,
    0x67, 0x2f, 0x5a, 0x3e, 0x7a, 0xb8, 0x21, 0xbe, 0xf0, 0xd5, 0x20, 0xbd,
    0xbe, 0xa3, 0x98, 0x3d, 0x13, 0xa2, 0x15, 0x3e, 0x02, 0x91, 0xa9, 0xbd,
    0xae, 0xd6, 0xa8, 0x3d, 0x0d, 0x1f, 0xcc, 0xbd, 0xec, 0x74, 0x6d, 0xbd,
    0x12, 0xaa, 0x12, 0xbe, 0x18, 0x34, 0xe8, 0xbc, 0xf2, 0xf6, 0x8d, 0x3d,
    0xc8, 0x20, 0xce, 0x3c, 0x90, 0x38, 0x35, 0xbe, 0x2e, 0x29, 0xc5, 0x3d,
    0x50, 0x21, 0x90, 0xbd, 0x6e, 0xb1, 0xf0, 0x3d, 0xb0, 0x9b, 0x5d, 0xbe,
    0xfd, 0xe5, 0x08, 0x3e, 0xe1, 0xa9, 0x43, 0xbe, 0x9c, 0x09, 0x18, 0x3d,
    0xde, 0x9b, 0x25, 0xbe, 0x40, 0xaa, 0x71, 0xbc, 0x1a, 0xf1, 0x94, 0x3d,
    0x9a, 0x7f, 0xa6, 0x3d, 0xf4, 0x9a, 0x94, 0xbd, 0x4a, 0x7b, 0xc9, 0x3d,
    0xa9, 0xca, 0x59, 0x3e, 0xee, 0xce, 0xad, 0x3d, 0xfb, 0x0f, 0x52, 0xbe,
    0xa8, 0xef, 0x98, 0xbd, 0xff, 0xbf, 0x10, 0x3e, 0xc8, 0x67, 0x4e, 0xbe,
    0x65, 0xc1, 0x11, 0xbe, 0x85, 0x28, 0x41, 0xbe, 0x87, 0x1c, 0x4b, 0x3e,
    0x00, 0xf4, 0x36, 0xb9, 0xad, 0x6f, 0x2f, 0x3d, 0xa0, 0x9f, 0x16, 0x3d,
    0x12, 0xdc, 0x05, 0xbe, 0x5a, 0x84, 0xe0, 0x3d, 0x1b, 0x52, 0x27, 0x3e,
    0x8f, 0x5d, 0x4f, 0xbc, 0x3a, 0x38, 0xf8, 0x3d, 0xc9, 0xea, 0xfb, 0xbd,
    0x31, 0x3f, 0x15, 0x3e, 0x0b, 0xda, 0x17, 0x3e, 0xe5, 0xb4, 0x82, 0x3d,
    0x00, 0xe9, 0x43, 0x3e, 0xde, 0xa9, 0xfd, 0x3c, 0xc0, 0xbc, 0x83, 0xbb,
    0xb0, 0x63, 0x9e, 0xbc, 0x54, 0x1c, 0x56, 0xbe, 0x9e, 0xcd, 0x3f, 0xbd,
    0x14, 0x31, 0x3d, 0x3d, 0x01, 0x88, 0x02, 0xbf, 0x2d, 0x66, 0x5c, 0x3e,
    0x18, 0xb4, 0x89, 0xbe, 0xdd, 0x53, 0x3a, 0x3d, 0x46, 0xc5, 0xff, 0xbd,
    0x3d, 0x96, 0x47, 0xbe, 0xb2, 0x2e, 0xaa, 0xbd, 0x62, 0x41, 0x3d, 0xbe,
    0x0f, 0x81, 0x3f, 0x3e, 0x22, 0xbb, 0xce, 0x3d, 0xe6, 0x74, 0x1e, 0x3e,
    0xb0, 0xea, 0x32, 0xbe, 0x6a, 0x4a, 0x2b, 0xbe, 0xfc, 0x3b, 0x7f, 0xbd,
    0x77, 0x97, 0x00, 0x3e, 0x10, 0x01, 0x72, 0xbc, 0x78, 0xd1, 0x8c, 0xbd,
    0xdf, 0x38, 0x8f, 0xbd, 0x18, 0x9f, 0x88, 0xbc, 0x82, 0x19, 0x8a, 0xbd,
    0xc3, 0x58, 0x29, 0x3e, 0xf6, 0x07, 0x55, 0x3e, 0xe9, 0x60, 0xd7, 0x3d,
    0x82, 0x47, 0xe3, 0x3d, 0x5d, 0x98, 0x1b, 0x3e, 0x1d, 0xa5, 0x45, 0x3e,
    0x47, 0xbb, 0x92, 0xbd, 0xe6, 0x06, 0xbe, 0xbb, 0x45, 0xa0, 0x44, 0x3d,
    0xbb, 0x86, 0x16, 0x3e, 0x98, 0x75, 0x2c, 0xbe, 0x04, 0x87, 0x31, 0xbd,
    0x2a, 0xff, 0xc2, 0x3d, 0xd9, 0x4f, 0x56, 0x3e, 0xd3, 0xad, 0x01, 0xbd,
    0x1e, 0xe6, 0x54, 0xbe, 0x2d, 0x8d, 0x0f, 0x3e, 0x2a, 0x6e, 0xcf, 0x3d,
    0x6e, 0x0e, 0xc6, 0xbd, 0x45, 0xf1, 0x5c, 0xbe, 0xc0, 0xe7, 0xda, 0x3c,
    0x70, 0x8c, 0xd7, 0x3c, 0x37, 0xe7, 0x1e, 0x3e, 0x69, 0x91, 0x1c, 0xbe,
    0xf5, 0x11, 0xf6, 0x3c, 0xfc, 0xb2, 0xd8, 0xbd, 0x0a, 0xc3, 0x83, 0x3c,
    0x0a, 0x5f, 0x26, 0xbd, 0xc4, 0xa6, 0x0b, 0xbd, 0x91, 0xfb, 0x1e, 0xbe,
    0xb0, 0x0e, 0x72, 0xbd, 0x7f, 0xc2, 0x85, 0x3e, 0x0f, 0x62, 0x4e, 0x3e,
    0xeb, 0xf6, 0x01, 0x3e, 0x53, 0x19, 0x20, 0x3e, 0xd7, 0x1b, 0x50, 0xbe,
    0x32, 0xdd, 0xcc, 0xbd, 0x6b, 0x76, 0x84, 0xbc, 0xa8, 0x96, 0x8a, 0xbd,
    0xde, 0x52, 0xe8, 0x3d, 0x0e, 0xbd, 0x64, 0xbe, 0x0c, 0xaa, 0x04, 0x3d,
    0x85, 0x72, 0xbd, 0xbe, 0x03, 0xd6, 0xf8, 0xbd, 0x0b, 0x36, 0xbb, 0xbe,
    0x02, 0x2b, 0xe1, 0x3d, 0xa5, 0x37, 0xb2, 0xbe, 0x42, 0x4a, 0xb5, 0x3d,
    0x19, 0xf5, 0xf3, 0x3c, 0x7c, 0xe3, 0x50, 0xbe, 0x16, 0x63, 0x63, 0x3e,
    0x05, 0xac, 0x37, 0x3e, 0x09, 0x34, 0xb9, 0xbd, 0xca, 0x7c, 0xc7, 0x3d,
    0xb1, 0x89, 0x69, 0xbd, 0xf4, 0xc1, 0x08, 0xbe, 0x17, 0x67, 0xab, 0x3d,
    0xc1, 0x67, 0x0d, 0xbe, 0x40, 0x47, 0x07, 0xbc, 0x3d, 0xac, 0x2a, 0x3e,
    0xf2, 0x18, 0x12, 0xbe, 0xb2, 0xa2, 0x71, 0xbd, 0x1f, 0xc2, 0x44, 0xbe,
    0xdd, 0xa3, 0x46, 0x3e, 0x13, 0xaa, 0x81, 0x3d, 0x35, 0x37, 0xb4, 0xbd,
    0xd0, 0xfe, 0xd2, 0xbd, 0x19, 0xe3, 0x1a, 0x3e, 0xf3, 0xe1, 0x20, 0xbe,
    0x3e, 0xab, 0xc6, 0x3d, 0x04, 0x02, 0x82, 0x3d, 0x50, 0x2c, 0x15, 0xbd,
    0x36, 0x2a, 0xd7, 0x3c, 0x74, 0xeb, 0xaf, 0xbc, 0x7f, 0xcc, 0x53, 0x3e,
    0x8f, 0x4f, 0x00, 0xbe, 0x1c, 0x97, 0x41, 0xbd, 0x0c, 0xa9, 0xcc, 0xbd,
    0x6c, 0x91, 0xc0, 0x3c, 0x9c, 0x69, 0x44, 0xbe, 0x27, 0xc8, 0xc1, 0xbd,
    0xee, 0xa6, 0xc6, 0x3c, 0x11, 0x65, 0x42, 0x3e, 0xf5, 0xea, 0x24, 0x3e,
    0xc6, 0x4a, 0xcd, 0x3d, 0x9d, 0x92, 0x4f, 0xbe, 0xf3, 0x95, 0x5b, 0x3e,
    0xe6, 0x95, 0x98, 0xbe, 0x30, 0xd2, 0x6e, 0xbd, 0x63, 0x85, 0xe9, 0xbd,
    0x30, 0x9f, 0x14, 0xbe, 0x6c, 0x5c, 0x3d, 0xbe, 0x1e, 0xf0, 0x09, 0xbe,
    0x02, 0xfa, 0x0b, 0xbe, 0x2d, 0xd2, 0xe7, 0xbd, 0xdf, 0x35, 0x52, 0xbe,
    0x00, 0x64, 0x72, 0x3c, 0x57, 0x22, 0x11, 0x3e, 0xaf, 0x0c, 0x05, 0xbe,
    0x4a, 0x63, 0xc1, 0x3d, 0xc1, 0xad, 0x03, 0xbe, 0xec, 0x06, 0x49, 0xbe,
    0xbf, 0xf6, 0x01, 0x3e, 0x90, 0xd0, 0xb2, 0xbd, 0xae, 0x8a, 0xcd, 0x3d,
    0xa7, 0x17, 0x45, 0x3e, 0x20, 0xcd, 0x20, 0xbe, 0x69, 0x1d, 0x34, 0x3e,
    0xc3, 0x1e, 0x26, 0x3e, 0x62, 0xe0, 0xe3, 0x3d, 0x42, 0x62, 0xe1, 0x3d,
    0x3e, 0x4c, 0xb9, 0xbd, 0x23, 0x48, 0x16, 0x3e, 0xe1, 0xe3, 0x18, 0x3e,
    0xfd, 0x60, 0x32, 0x3e, 0x24, 0x23, 0x54, 0xbe, 0x7d, 0x52, 0x0e, 0x3e,
    0x77, 0x4d, 0x57, 0x3e, 0x04, 0x3b, 0x26, 0x3d, 0x74, 0x12, 0x89, 0xbd,
    0x9c, 0xa8, 0x55, 0xbe, 0x17, 0x9f, 0x5a, 0x3e, 0xf5, 0xe7, 0x13, 0xbe,
    0x8a, 0x23, 0x82, 0x3d, 0xd4, 0xf4, 0x1a, 0x3d, 0xbf, 0x37, 0x4c, 0x3e,
    0xc6, 0x66, 0x9e, 0x3d, 0x9c, 0x9e, 0x31, 0xbd, 0xc4, 0x1b, 0x0e, 0xbe,
    0x4c, 0xed, 0x50, 0xbd, 0xe4, 0x0a, 0x59, 0xbd, 0x4e, 0x05, 0xf8, 0x3d,
    0x40, 0x5b, 0x1b, 0xbb, 0xaa, 0x2f, 0xaf, 0x3d, 0x0e, 0xf7, 0xc8, 0x3d,
    0x60, 0xa4, 0xb5, 0x3b, 0xce, 0x97, 0x92, 0x3d, 0xe0, 0xda, 0x55, 0xbc,
    0xf0, 0x03, 0xa9, 0xbc, 0x59, 0x87, 0x07, 0x3e, 0xe6, 0xd5, 0xcb, 0x3d,
    0x73, 0xe6, 0x27, 0xbe, 0x13, 0x52, 0x4d, 0x3e, 0xec, 0x61, 0x36, 0xbd,
    0xd3, 0xe0, 0xd9, 0xbd, 0x45, 0xe6, 0x1c, 0x3e, 0x61, 0x6d, 0x02, 0xbe,
    0x5c, 0x70, 0x0d, 0x3d, 0x28, 0x1b, 0x2c, 0xbd, 0xa5, 0x76, 0x4f, 0xbe,
    0x87, 0x8f, 0xd9, 0xbd, 0x04, 0xa0, 0x83, 0xbd, 0xc3, 0xb7, 0x04, 0x3e,
    0xac, 0x08, 0xe9, 0xbd, 0xbc, 0xf4, 0x21, 0x3d, 0x00, 0x36, 0xa0, 0x39,
    0xe5, 0xf3, 0x19, 0xbe, 0x7b, 0xc9, 0x01, 0x3e, 0xf0, 0x9b, 0xfb, 0xbd,
    0xbc, 0x9e, 0x4f, 0x3d, 0xe2, 0x30, 0xa5, 0x3d, 0x68, 0x93, 0xb7, 0xbc,
    0xf0, 0x32, 0xde, 0xbc, 0x1e, 0x83, 0x59, 0xbe, 0x7b, 0x51, 0x22, 0xbe,
    0x3f, 0x02, 0x0e, 0x3e, 0x0c, 0x5b, 0x82, 0xbd, 0xee, 0x99, 0x3c, 0xbe,
    0xc2, 0x6b, 0xa7, 0xbd, 0xcf, 0x79, 0x3a, 0xbe, 0x80, 0x59, 0xd4, 0xbc,
    0xe2, 0x02, 0x1e, 0xbe, 0x9f, 0xbf, 0x0f, 0x3e, 0x9a, 0x4b, 0xf5, 0x3d,
    0xc8, 0xa3, 0xa1, 0x3c, 0xf8, 0x96, 0xe3, 0xbd, 0x26, 0x81, 0x2e, 0xbe,
    0xec, 0x1b, 0x46, 0xbe, 0x57, 0xc4, 0x06, 0xbe, 0xe0, 0x26, 0xe4, 0xbb,
    0x24, 0xdc, 0x2a, 0xbe, 0x20, 0x0c, 0xb8, 0xbb, 0xda, 0x19, 0xe3, 0x3d,
    0x16, 0x7f, 0xb7, 0xbd, 0x60, 0x44, 0xfb, 0xbc, 0x34, 0xb6, 0x76, 0x3d,
    0x20, 0xa6, 0x28, 0xbd, 0xf8, 0x57, 0xea, 0x3c, 0x76, 0x9d, 0x84, 0x3d,
    0xc0, 0xf1, 0x0b, 0x3c, 0x38, 0xbc, 0x8d, 0xbd, 0x68, 0xd7, 0x0f, 0xbd,
    0xa8, 0x81, 0xaa, 0xbd, 0x65, 0x1b, 0x00, 0xbe, 0x5e, 0xfc, 0x9c, 0xbd,
    0x9a, 0x5e, 0x4a, 0xbe, 0x5e, 0x07, 0x92, 0x3d, 0x32, 0xb4, 0xed, 0x3d,
    0x6e, 0x02, 0x53, 0xbe, 0xbe, 0x05, 0x92, 0xbd, 0xcc, 0x13, 0x9e, 0xbd,
    0xa2, 0x84, 0xe8, 0xbd, 0x21, 0xc8, 0x51, 0xbe, 0x91, 0x6a, 0x3e, 0xbe,
    0xc2, 0xc7, 0xa3, 0x3d, 0xe0, 0x29, 0xbe, 0xbc, 0xba, 0x97, 0xb5, 0xbd,
    0xc4, 0xad, 0xa4, 0xbd, 0xb0, 0x4b, 0xc6, 0x3c, 0x70, 0x47, 0x07, 0xbd,
    0x7c, 0x8e, 0x70, 0x3d, 0x5b, 0x20, 0x04, 0x3e, 0x88, 0x23, 0x25, 0xbe,
    0xe0, 0xca, 0xb9, 0x3c, 0xb7, 0xc3, 0x25, 0x3e, 0x81, 0x95, 0x41, 0xbe,
    0x5a, 0x45, 0xe6, 0x3d, 0x45, 0xaf, 0xe3, 0xbd, 0xa7, 0x5c, 0xe9, 0xbd,
    0x84, 0xa7, 0x3c, 0x3d, 0x7b, 0x3d, 0x46, 0xbe, 0x9c, 0x6c, 0x55, 0xbe,
    0x52, 0x95, 0x81, 0xbd, 0x9e, 0x79, 0x99, 0x3d, 0xa0, 0x77, 0x97, 0xbc,
    0xda, 0xdc, 0xbe, 0x3d, 0x7e, 0xf0, 0xc9, 0xbd, 0xab, 0xfd, 0x33, 0x3e,
    0x5c, 0x8a, 0x3c, 0x3d, 0x27, 0x83, 0xcd, 0xbd, 0x19, 0x19, 0x13, 0xbe,
    0x27, 0x24, 0x44, 0x3e, 0x62, 0x18, 0xc0, 0x3d, 0xd5, 0x4b, 0xf1, 0xbd,
    0x56, 0xd8, 0xeb, 0x3d, 0xb8, 0x78, 0x26, 0xbe, 0x60, 0x42, 0xd9, 0xbb,
    0x70, 0x67, 0x69, 0x3c, 0xf0, 0x0e, 0xfe, 0xbc, 0xca, 0x97, 0xf2, 0x3d,
    0xc0, 0xaf, 0xd0, 0xbb, 0xc6, 0x95, 0x1a, 0xbe, 0x20, 0xa6, 0x11, 0xbe,
    0x48, 0xaf, 0x4b, 0xbe, 0xba, 0xf3, 0x53, 0xbe, 0x8c, 0xaa, 0x7b, 0xbd,
    0x02, 0xf1, 0x2d, 0xbe, 0x91, 0x1b, 0x23, 0x3e, 0x34, 0xed, 0x18, 0xbe,
    0xc2, 0x7d, 0x9d, 0xbd, 0xf0, 0xae, 0x42, 0xbe, 0xc9, 0x3c, 0x07, 0x3e,
    0xd1, 0xe9, 0x4a, 0x3e, 0x98, 0xe3, 0x07, 0xbd, 0xb6, 0x5f, 0x0a, 0xbe,
    0xb6, 0x29, 0x10, 0xbe, 0x5d, 0xf9, 0x52, 0xbe, 0x9e, 0xfd, 0xbc, 0xbd,
    0x56, 0xda, 0x24, 0xbe, 0x62, 0x6c, 0x9d, 0x3d, 0x11, 0x04, 0x08, 0xbe,
    0x1c, 0x7b, 0x57, 0x3d, 0x5c, 0xc8, 0x54, 0xbe, 0x5d, 0x4d, 0x55, 0xbe,
    0x7b, 0xd2, 0x2a, 0xbe, 0x55, 0x98, 0x22, 0x3e, 0x6d, 0xc6, 0x4f, 0xbe,
    0xae, 0x5e, 0xef, 0x3d, 0xf0, 0x6f, 0xb9, 0xbc, 0xae, 0x1a, 0xb4, 0xbd,
    0xee, 0x60, 0xe2, 0x3d, 0x4e, 0xd9, 0xdf, 0x3d, 0x65, 0x92, 0xc9, 0xbd,
    0x3a, 0x79, 0x85, 0x3d, 0x68, 0x87, 0x12, 0xbd, 0xd0, 0x5a, 0xdf, 0xbd,
    0x08, 0x81, 0xe1, 0x3c, 0xf6, 0x47, 0x4a, 0xbe, 0x22, 0xef, 0xca, 0xbd,
    0x98, 0x91, 0xa1, 0xbc, 0x1c, 0x11, 0x1a, 0x3d, 0x56, 0x36, 0xe8, 0x3d,
    0x2e, 0x3c, 0x7a, 0x3e, 0x8a, 0x46, 0x89, 0xbd, 0x38, 0x64, 0x2f, 0xbd,
    0x46, 0xed, 0x09, 0xbe, 0xd7, 0x20, 0xbc, 0xbd, 0x9d, 0x4f, 0xb2, 0x3d,
    0xeb, 0x2e, 0x55, 0xbe, 0xfa, 0x32, 0x64, 0xbe, 0x80, 0x21, 0xfe, 0xbd,
    0x0d, 0x61, 0x58, 0x3e, 0x9b, 0xbe, 0x79, 0x3e, 0x33, 0x95, 0xd0, 0xbd,
    0xd2, 0x1c, 0x0c, 0xbe, 0x8c, 0xc2, 0x0c, 0x3d, 0x15, 0x0e, 0x12, 0x3e,
    0xd3, 0x0d, 0x3f, 0x3e, 0x59, 0xe7, 0x2e, 0xbe, 0x9e, 0x80, 0x38, 0xbe,
    0xab, 0x28, 0x29, 0xbe, 0x0c, 0xa1, 0x05, 0xbe, 0x93, 0x87, 0x13, 0xbe,
    0xa0, 0xf5, 0x64, 0x3c, 0x3d, 0xae, 0x33, 0x3c, 0x4a, 0x3f, 0xa1, 0x3d,
    0xfc, 0xd2, 0xfe, 0x3d, 0xee, 0xf8, 0xc4, 0x3d, 0x2e, 0xec, 0x83, 0xbc,
    0x6c, 0x2f, 0x06, 0xbe, 0xaa, 0x40, 0x0d, 0xbe, 0x5b, 0x6a, 0xf8, 0xbd,
    0xdd, 0x39, 0x4b, 0x3e, 0x31, 0x10, 0x49, 0xbe, 0x45, 0xd5, 0x16, 0x3e,
    0x70, 0x4d, 0x34, 0xbc, 0x0e, 0xaf, 0xca, 0xbd, 0xac, 0x89, 0x47, 0x3e,
    0x32, 0x8b, 0xdf, 0x3d, 0xfa, 0x9a, 0x8e, 0xbd, 0x80, 0x81, 0x3f, 0x3e,
    0x44, 0x0d, 0xe1, 0x3d, 0xfb, 0x7e, 0x0b, 0x3e, 0x13, 0x51, 0x56, 0x3e,
    0x8a, 0x9e, 0x96, 0xbd, 0xe0, 0x8e, 0x08, 0x3c, 0xff, 0x6d, 0xd2, 0x3d,
    0xc5, 0xdf, 0x5d, 0xbe, 0x3e, 0xe1, 0xe4, 0xbd, 0x79, 0x29, 0x1f, 0xbe,
    0xf6, 0x41, 0xb5, 0x3d, 0x24, 0xa2, 0x31, 0xbe, 0x00, 0x69, 0xfe, 0x3c,
    0x21, 0x93, 0x09, 0xbe, 0xde, 0xb9, 0xcc, 0x3d, 0x10, 0xf7, 0x9e, 0x3c,
    0xdc, 0xab, 0x2e, 0x3d, 0xb4, 0xa5, 0x24, 0xbe, 0x8d, 0x02, 0x50, 0x3e,
    0x40, 0x0c, 0x97, 0x3c, 0xb6, 0xd3, 0x83, 0xbd, 0xa4, 0x8d, 0x32, 0x3d,
    0x58, 0x23, 0x03, 0x3e, 0x0b, 0x67, 0xde, 0xbb, 0x66, 0xe8, 0x4a, 0x3e,
    0x9e, 0x92, 0x15, 0x3e, 0x2c, 0x2e, 0x2e, 0xbe, 0x2f, 0x30, 0x0e, 0xbe,
    0xd8, 0xb3, 0xef, 0xbc, 0xd8, 0x48, 0x40, 0xbe, 0x16, 0x81, 0xd4, 0x3d,
    0x2f, 0xa9, 0x59, 0xbe, 0x5b, 0xec, 0x47, 0xbe, 0x62, 0xc8, 0x49, 0xbe,
    0x94, 0x22, 0x01, 0xbd, 0x16, 0xb1, 0x10, 0xbe, 0x60, 0xd8, 0x00, 0xbe,
    0xc4, 0x43, 0x6a, 0xbd, 0x9d, 0x5f, 0x52, 0x3e, 0xba, 0x35, 0xfd, 0x3d,
    0xc0, 0x59, 0xd3, 0x3b, 0x30, 0xa3, 0x16, 0xbd, 0x31, 0xe2, 0x5c, 0x3e,
    0x89, 0x5b, 0x46, 0xbe, 0x83, 0xa7, 0xef, 0xbd, 0xa9, 0x9e, 0x55, 0x3e,
    0x7c, 0xc9, 0xa6, 0xbd, 0x60, 0x95, 0x28, 0xbe, 0x50, 0x35, 0x5e, 0xbc,
    0x80, 0x61, 0x1a, 0x3c, 0xd6, 0x53, 0xb4, 0x3d, 0x5c, 0x7c, 0x52, 0x3d,
    0x07, 0xe7, 0xec, 0xbd, 0xd9, 0xa8, 0x2b, 0xbe, 0x37, 0x5a, 0x06, 0x3e,
    0x38, 0xe3, 0x55, 0xbd, 0x86, 0xbb, 0xfd, 0x3d, 0x7b, 0x8b, 0x5b, 0x3e,
    0x5f, 0x77, 0x1f, 0x3e, 0x09, 0x75, 0x3d, 0x3e, 0x16, 0xb7, 0xe4, 0x3d,
    0x10, 0x8d, 0xaf, 0xbd, 0x7c, 0xfd, 0x79, 0xbd, 0x57, 0x40, 0x1b, 0x3e,
    0x49, 0x9a, 0xd4, 0xbd, 0xca, 0x02, 0xe3, 0x3d, 0xcb, 0x3d, 0x0e, 0x3e,
    0xbd, 0xc2, 0x24, 0x3e, 0x78, 0x92, 0x2d, 0xbd, 0x68, 0x24, 0x85, 0xbd,
    0x67, 0x64, 0x4f, 0xbe, 0xa2, 0xbd, 0xd1, 0x3d, 0x1e, 0x18, 0xbd, 0x3d,
    0xf8, 0x2a, 0xac, 0xbc, 0x8c, 0xfd, 0x0d, 0xbe, 0xab, 0x2f, 0x22, 0x3e,
    0xa8, 0xc7, 0xb5, 0xbc, 0x62, 0x23, 0x98, 0xbd, 0xca, 0x70, 0xec, 0xbd,
    0x46, 0x77, 0x85, 0xbd, 0x1c, 0x59, 0x59, 0xbd, 0x2f, 0xa5, 0x04, 0x3e,
    0x64, 0x4d, 0x02, 0xbe, 0xfe, 0x13, 0xf6, 0x3d, 0x3f, 0x43, 0x0e, 0x3e,
    0x92, 0xcc, 0xc6, 0x3d, 0xf9, 0x31, 0x4f, 0xbe, 0x28, 0x64, 0xdc, 0xbc,
    0xb9, 0xe5, 0x53, 0x3e, 0x05, 0x1a, 0x1b, 0xbe, 0xaa, 0x44, 0x2e, 0x3e,
    0x79, 0x48, 0x51, 0x3c, 0x00, 0xd9, 0x8e, 0xba, 0xde, 0x9e, 0x1c, 0xbe,
    0x3f, 0xae, 0xbc, 0xbd, 0xd8, 0x97, 0x1a, 0x3e, 0x10, 0x5b, 0xd1, 0xbc,
    0x94, 0xea, 0x3b, 0xbe, 0x28, 0xbd, 0x39, 0x3e, 0x88, 0xdb, 0xed, 0xbc,
    0x3e, 0x59, 0x4a, 0x3e, 0x9d, 0x2b, 0x43, 0xbd, 0x07, 0xad, 0xa9, 0xbd,
    0x80, 0xef, 0xdd, 0xbc, 0x96, 0x5f, 0x40, 0x3e, 0xa7, 0x13, 0x0a, 0xbe,
    0xf8, 0x85, 0x73, 0x3d, 0xb5, 0x68, 0x3b, 0x3e, 0x5d, 0xbc, 0x49, 0xbd,
    0xcb, 0x22, 0x52, 0x3e, 0xf3, 0x7b, 0x41, 0x3b, 0xa6, 0x89, 0x2d, 0x3d,
    0x74, 0x7c, 0x65, 0xbe, 0xe0, 0x02, 0xe5, 0x3b, 0x5c, 0xd2, 0x3a, 0x3d,
    0xf0, 0xc0, 0x1f, 0xbc, 0x44, 0x08, 0x1e, 0xbd, 0xaf, 0x86, 0x43, 0xbe,
    0xd3, 0xe1, 0x85, 0xbd, 0x68, 0xb3, 0x82, 0xbd, 0xfb, 0x7a, 0xe5, 0x3d,
    0x9c, 0x94, 0x38, 0x3d, 0x34, 0x96, 0x44, 0x3d, 0x40, 0xa1, 0xc5, 0x3b,
    0x74, 0x2e, 0x06, 0x3e, 0x6b, 0x27, 0xaf, 0xbd, 0x72, 0x74, 0x9e, 0x3d,
    0x29, 0x67, 0x41, 0x3e, 0x36, 0x25, 0x40, 0xbe, 0x1b, 0x67, 0x44, 0x3e,
    0x74, 0x54, 0xee, 0x3d, 0x6e, 0xe4, 0x8a, 0x3d, 0xac, 0x72, 0x0f, 0xbe,
    0xa4, 0x51, 0x27, 0xbe, 0x9e, 0xab, 0x25, 0x3d, 0xe2, 0x82, 0xe9, 0x3d,
    0xc4, 0xbf, 0x76, 0x3d, 0xcc, 0xc5, 0x32, 0xbe, 0x1b, 0x29, 0x47, 0xbe,
    0x5a, 0xfe, 0xb8, 0xbd, 0xbe, 0x0b, 0xff, 0x3d, 0x00, 0x13, 0x6a, 0x3b,
    0x53, 0xa3, 0x19, 0x3c, 0xed, 0x54, 0x0a, 0x3e, 0x3c, 0x51, 0x4c, 0x3d,
    0x35, 0xa0, 0x68, 0xbd, 0x32, 0xa9, 0xbd, 0x3d, 0x39, 0x05, 0x5c, 0xbe,
    0x0e, 0x3c, 0x82, 0xbd, 0x6a, 0x51, 0x56, 0xbe, 0x4a, 0xb1, 0x2f, 0x3d,
    0xc9, 0xfa, 0x8c, 0xbe, 0x53, 0x00, 0x3a, 0xbe, 0x3d, 0x1a, 0x00, 0x3e,
    0xf8, 0x37, 0x4a, 0x3e, 0x20, 0x74, 0x42, 0xbe, 0xba, 0x08, 0x35, 0xbe,
    0x76, 0x80, 0x0a, 0xbe, 0x9c, 0xca, 0xbc, 0x3c, 0x23, 0xe6, 0xb6, 0xbd,
    0x64, 0xc6, 0x17, 0xbe, 0x4a, 0xda, 0x4c, 0x3e, 0x9a, 0x98, 0x06, 0xbe,
    0xd4, 0xa7, 0x07, 0xbd, 0xb3, 0x31, 0xac, 0x3d, 0x29, 0x2f, 0x0f, 0x3e,
    0xdd, 0x68, 0xa4, 0xbc, 0xfe, 0xf7, 0x54, 0xbe, 0x0a, 0x08, 0x48, 0xbe,
    0xc2, 0x1d, 0xc4, 0x3d, 0xd4, 0x8b, 0xd2, 0x3d, 0x00, 0x94, 0x66, 0x3a,
    0x6e, 0xc9, 0xf9, 0x3d, 0x50, 0x6f, 0x3d, 0xbe, 0x67, 0x8a, 0xe2, 0x3d,
    0xee, 0x5a, 0x2f, 0x3e, 0x12, 0x8a, 0xdb, 0x3d, 0xb0, 0xd5, 0x15, 0xbe,
    0x88, 0x59, 0x89, 0xbd, 0x92, 0x53, 0xfe, 0xbd, 0x26, 0xb2, 0x3b, 0xbe,
    0x78, 0x19, 0x9f, 0xbd, 0xe8, 0xc8, 0x05, 0x3e, 0x8c, 0x45, 0x4d, 0xbd,
    0x40, 0xa5, 0xec, 0x3d, 0x2c, 0xf2, 0x62, 0xbd, 0x85, 0xef, 0x41, 0x3e,
    0x38, 0x8a, 0x1d, 0xbe, 0xf6, 0xeb, 0x0e, 0xbe, 0x27, 0x3e, 0x77, 0xbd,
    0xb6, 0x8e, 0x08, 0xbe, 0x1c, 0xc6, 0x98, 0xbd, 0xd7, 0x24, 0x52, 0x3e,
    0xd2, 0x7b, 0xf1, 0x3d, 0x18, 0x9d, 0x94, 0x3d, 0xe4, 0x7e, 0x05, 0xbe,
    0x40, 0x77, 0x6a, 0xbb, 0x7c, 0x7a, 0x4d, 0x3d, 0x28, 0x73, 0x4f, 0xbd,
    0xa9, 0xd1, 0x44, 0x3e, 0x11, 0x81, 0xa7, 0x3d, 0xf0, 0x3a, 0x62, 0x3e,
    0xd0, 0x74, 0xf9, 0xbc, 0xfb, 0x95, 0x39, 0x3e, 0x60, 0x03, 0x8e, 0xbb,
    0x63, 0xe5, 0x32, 0x3e, 0x98, 0x22, 0x06, 0x3e, 0xc7, 0x30, 0x2a, 0xbe,
    0x56, 0xa9, 0xd4, 0x3d, 0xb2, 0xa3, 0xe7, 0x3d, 0xd8, 0xa1, 0xc5, 0xbc,
    0x3f, 0xb7, 0x01, 0x3e, 0xab, 0x3f, 0x55, 0xbe, 0x14, 0xbd, 0x03, 0xbd,
    0x32, 0x43, 0x43, 0x3e, 0x05, 0xc0, 0xe7, 0x3d, 0xb1, 0x28, 0x4b, 0x3e,
    0xdc, 0x85, 0xea, 0xbd, 0xb8, 0xa0, 0x1f, 0x3d, 0xd1, 0xdf, 0x5a, 0xbd,
    0xc0, 0xa7, 0x35, 0xbb, 0xc0, 0x9a, 0xd8, 0x3b, 0x98, 0xee, 0x00, 0x3b,
    0x19, 0xdd, 0x4b, 0xbe, 0x7c, 0x3e, 0x1d, 0xbd, 0xc7, 0x8f, 0xa9, 0xbd,
    0x65, 0x89, 0x05, 0x3e, 0xa1, 0x68, 0x33, 0xbe, 0xb4, 0xbc, 0xe9, 0x3c,
    0x78, 0xd0, 0x51, 0x3d, 0xb4, 0xfa, 0x32, 0x3e, 0xb6, 0x1b, 0x2b, 0xbe,
    0x7a, 0x1b, 0xd0, 0xbd, 0xc6, 0xd9, 0xfe, 0x3d, 0xc6, 0xd6, 0xa3, 0x3e,
    0x09, 0x3b, 0x0e, 0xbe, 0x3f, 0x02, 0xeb, 0x3e, 0x60, 0xaa, 0x30, 0xbe,
    0x3e, 0x61, 0x75, 0x3e, 0xd7, 0x8c, 0x0a, 0xbe, 0x40, 0x8f, 0x06, 0x3e,
    0xc7, 0xb1, 0x1e, 0x3e, 0x52, 0x58, 0xcd, 0xbd, 0xd6, 0x6f, 0xcc, 0x3d,
    0x6b, 0xbc, 0xed, 0xbd, 0x37, 0xce, 0x4e, 0xbe, 0xd8, 0x3c, 0x36, 0xbe,
    0x3a, 0x0f, 0x9e, 0xbd, 0x51, 0xae, 0x0a, 0xbd, 0x70, 0x3f, 0x33, 0x3c,
    0xd7, 0x65, 0x59, 0x3e, 0xa1, 0xbe, 0x1b, 0x3e, 0x31, 0xba, 0x80, 0x3e,
    0x2b, 0xd5, 0x65, 0xbb, 0x19, 0xde, 0x27, 0x3e, 0xa0, 0x2e, 0xf1, 0xbc,
    0xcd, 0xa0, 0x4a, 0x3c, 0x2f, 0x53, 0xcb, 0x3c, 0xe8, 0x9e, 0x70, 0xbe,
    0x30, 0x15, 0xdf, 0x3c, 0x33, 0x87, 0x36, 0x3e, 0x17, 0x49, 0xbe, 0xbd,
    0x9b, 0x6b, 0x53, 0x3e, 0x7c, 0xe9, 0x03, 0x3b, 0x32, 0xad, 0x7d, 0x3e,
    0x78, 0xb0, 0x9c, 0x3d, 0x7d, 0x0d, 0x45, 0x3e, 0x20, 0xcb, 0xa4, 0x3c,
    0xb7, 0xe2, 0x2f, 0x3e, 0xa4, 0xaf, 0xba, 0xbd, 0x06, 0x2e, 0x8a, 0x3c,
    0xa5, 0x7b, 0x5a, 0x3e, 0x5c, 0x5f, 0x45, 0xbe, 0xb3, 0x6d, 0x3c, 0x3e,
    0x11, 0xd4, 0x30, 0xbe, 0xd0, 0x3b, 0x12, 0xbe, 0xd6, 0x16, 0x86, 0xbd,
    0x3e, 0x8a, 0xd1, 0x3d, 0x3e, 0xa6, 0x64, 0xbe, 0x3e, 0xbb, 0x50, 0x3e,
    0xf1, 0x56, 0x7e, 0x3e, 0x4c, 0x70, 0x3a, 0xbe, 0x28, 0x86, 0xe3, 0x3c,
    0x89, 0x9a, 0x1f, 0x3e, 0x04, 0xdb, 0x5a, 0x3d, 0x78, 0x35, 0x12, 0xbe,
    0xe0, 0x8d, 0x2b, 0xbd, 0x0b, 0x4c, 0x4c, 0xbe, 0x7b, 0x52, 0x1c, 0x3e,
    0x01, 0xa2, 0x1f, 0x3e, 0xe0, 0x21, 0xa8, 0x3b, 0x4e, 0xe4, 0xb4, 0x3d,
    0x8a, 0x0d, 0xb9, 0x3d, 0xea, 0x51, 0x87, 0x3d, 0x68, 0xc1, 0x3c, 0xbd,
    0xcf, 0x73, 0x15, 0x3e, 0x70, 0x69, 0x3f, 0x3c, 0xef, 0x40, 0x34, 0x3e,
    0xe3, 0x01, 0x1a, 0xbe, 0xe7, 0x79, 0xfd, 0xbd, 0x5e, 0x9c, 0xd4, 0x3d,
    0x98, 0xf3, 0xa9, 0x3c, 0x9e, 0x84, 0xa5, 0x3d, 0xfc, 0x64, 0x63, 0x3d,
    0x1e, 0xd0, 0x11, 0xbe, 0x31, 0x35, 0x42, 0x3e, 0x51, 0x53, 0x4d, 0xbe,
    0x5e, 0x3f, 0x84, 0xbd, 0x7a, 0x1b, 0xec, 0x3d, 0x44, 0x35, 0x7e, 0xbd,
    0x12, 0xaf, 0x16, 0xbe, 0x84, 0xc4, 0x03, 0xbe, 0xc4, 0x0f, 0x56, 0xbd,
    0x24, 0x75, 0x47, 0x3d, 0x80, 0xfb, 0xaf, 0x3b, 0x88, 0x4a, 0x5e, 0xbd,
    0xd2, 0x72, 0xd8, 0x3d, 0x78, 0xf6, 0x5d, 0xbd, 0xe0, 0x78, 0x84, 0xbd,
    0xec, 0xdf, 0x3b, 0x3d, 0x51, 0xc5, 0xfb, 0xbd, 0x96, 0xcd, 0x42, 0xbe,
    0x29, 0x10, 0x41, 0x3e, 0x4e, 0x82, 0x90, 0xbd, 0xf5, 0x8d, 0x16, 0x3e,
    0xe0, 0x78, 0x39, 0xbd, 0x73, 0x2e, 0x39, 0x3e, 0x3c, 0x92, 0xa5, 0xbd,
    0x81, 0x5f, 0xeb, 0xbd, 0x28, 0xad, 0xce, 0xbc, 0xe2, 0xa9, 0x9f, 0x3d,
    0x4c, 0x7f, 0x29, 0x3d, 0x7b, 0xc6, 0x01, 0x3e, 0x65, 0x95, 0x5d, 0xbe,
    0x19, 0xd6, 0xca, 0xbd, 0xd0, 0x5b, 0x3f, 0x3c, 0xb2, 0x65, 0x1c, 0xbe,
    0xea, 0x56, 0x28, 0xbe, 0xe0, 0x9d, 0x66, 0xbd, 0x3e, 0xe4, 0x9b, 0x3d,
    0x18, 0xbb, 0x82, 0xbd, 0xa8, 0x98, 0xa9, 0xbc, 0xce, 0x03, 0x26, 0xbe,
    0x3c, 0x90, 0x64, 0x3d, 0xe4, 0xaa, 0x76, 0xbd, 0xe7, 0x9a, 0x27, 0x3e,
    0x39, 0x3b, 0x10, 0x3e, 0xb6, 0x2b, 0x92, 0x3e, 0x7e, 0xf0, 0x81, 0x3d,
    0x08, 0x95, 0x9a, 0xbd, 0x0d, 0x63, 0x18, 0xbd, 0x42, 0xbd, 0x46, 0xbd,
    0xd6, 0x12, 0x40, 0xbe, 0x66, 0x81, 0xf0, 0xbe, 0x9b, 0x3d, 0xdb, 0x3d,
    0xb3, 0x39, 0x0c, 0x3e, 0xde, 0xe7, 0x26, 0xbe, 0x43, 0x83, 0xda, 0xbd,
    0x2a, 0xe8, 0x25, 0x3e, 0x44, 0xff, 0x4b, 0xbe, 0xb5, 0x9a, 0x9c, 0xbe,
    0x15, 0xf3, 0x2b, 0x3e, 0x1d, 0xdd, 0x93, 0xbd, 0x19, 0xb4, 0x24, 0x3e,
    0x48, 0xb3, 0x0c, 0x38, 0xd2, 0xac, 0x12, 0xbe, 0xab, 0x15, 0x00, 0x3d,
    0x67, 0x91, 0x84, 0x3c, 0x33, 0xf8, 0x17, 0xbf, 0x74, 0x81, 0x47, 0xbe,
    0x7a, 0xd4, 0x26, 0x3e, 0xaa, 0xf5, 0xf0, 0xbd, 0x9c, 0xa8, 0x88, 0x3e,
    0x4d, 0xab, 0x48, 0xbe, 0xbf, 0xa2, 0xc8, 0xbe, 0xa0, 0x60, 0x43, 0xbc,
    0x3f, 0xc0, 0x61, 0x3d, 0xc2, 0x5e, 0x8e, 0xbd, 0xf2, 0xd5, 0x09, 0xbe,
    0x8a, 0x7b, 0xff, 0x3d, 0xff, 0x17, 0xb6, 0xbe, 0x1a, 0xde, 0x5f, 0xbd,
    0x97, 0x83, 0x2f, 0x3e, 0x2c, 0xea, 0x1a, 0xbe, 0xbb, 0xf5, 0x17, 0xbe,
    0x2d, 0xb1, 0xb9, 0xbe, 0x7d, 0x79, 0x75, 0x3e, 0x7e, 0x9b, 0xe5, 0x3d,
    0x18, 0x1a, 0xe2, 0x3c, 0xf9, 0xb9, 0x37, 0x3e, 0xab, 0x6a, 0x09, 0x3e,
    0xd2, 0x7d, 0xf2, 0xbe, 0xa8, 0xde, 0x96, 0xbe, 0x12, 0x32, 0x1a, 0xbe,
    0x6c, 0x21, 0x07, 0xbe, 0x88, 0xb9, 0x3e, 0xbd, 0x0d, 0x8b, 0x23, 0xbe,
    0x90, 0x85, 0x12, 0xbe, 0x5c, 0xd2, 0x49, 0x3e, 0xeb, 0x82, 0x14, 0x3e,
    0xa3, 0xa5, 0x32, 0x3e, 0xfe, 0x05, 0xdd, 0xbd, 0x2c, 0x1b, 0x14, 0xbe,
    0xa8, 0x4e, 0x8e, 0xbc, 0x45, 0x37, 0x1d, 0x3e, 0x28, 0x98, 0x8b, 0xbd,
    0x83, 0x83, 0x54, 0x3e, 0x41, 0xed, 0xb6, 0xbe, 0xdb, 0x68, 0xc2, 0xbe,
    0x4b, 0xeb, 0x05, 0x3e, 0xff, 0x62, 0xca, 0x3d, 0x57, 0xa4, 0x6d, 0xbe,
    0x11, 0xf0, 0x21, 0xbe, 0x68, 0x16, 0xf8, 0xbc, 0x53, 0x39, 0x2b, 0xbe,
    0x48, 0xa2, 0x2b, 0xbd, 0x4c, 0x98, 0x5e, 0x3d, 0x3e, 0x92, 0xcc, 0x3e,
    0x2d, 0xb6, 0x7a, 0xbe, 0x6a, 0xee, 0xdf, 0x3d, 0x17, 0x94, 0xb0, 0x3d,
    0x2a, 0x70, 0x63, 0x3e, 0x35, 0x32, 0x2f, 0xbe, 0xd9, 0xca, 0x58, 0x3e,
    0xd6, 0x7b, 0xbf, 0xbd, 0x99, 0x4f, 0x41, 0x3e, 0x6f, 0x99, 0x99, 0x3e,
    0x92, 0x32, 0x97, 0xbd, 0xda, 0xc2, 0xf6, 0x3c, 0x64, 0xeb, 0x4f, 0x3d,
    0xe3, 0x0b, 0x50, 0xbd, 0xca, 0xf6, 0xa4, 0x3e, 0xc0, 0xed, 0x17, 0x3e,
    0xa4, 0xce, 0x58, 0xbd, 0x22, 0x97, 0x60, 0x3b, 0xbb, 0x22, 0x25, 0x3e,
    0xf7, 0x12, 0x16, 0xbe, 0xcc, 0x3c, 0x54, 0xbe, 0x13, 0x12, 0x05, 0x3e,
    0x80, 0x36, 0xf4, 0xba, 0x6f, 0x25, 0xa3, 0x3d, 0x53, 0x91, 0x2a, 0xbe,
    0x50, 0x62, 0xd0, 0x3c, 0xc9, 0x0d, 0x18, 0x3e, 0xf2, 0x18, 0xab, 0x3d,
    0x91, 0x0f, 0xa6, 0x3e, 0xa0, 0x8d, 0xa3, 0x3c, 0x7c, 0xf1, 0x2f, 0x3d,
    0x26, 0x10, 0x3f, 0x3e, 0xaa, 0x65, 0xb3, 0x3d, 0xf7, 0xaf, 0x99, 0x3d,
    0x5a, 0x8a, 0xf4, 0xbd, 0xdf, 0xea, 0x05, 0x3e, 0x48, 0x8d, 0xa2, 0xbc,
    0xb6, 0x00, 0x64, 0x3d, 0x7c, 0x9a, 0xd6, 0x3e, 0xc4, 0x32, 0x8f, 0x3d,
    0xf2, 0x31, 0x19, 0x3e, 0x06, 0xa8, 0xf2, 0x3d, 0x8a, 0xb1, 0xd7, 0x3d,
    0x28, 0xd9, 0xf3, 0x3c, 0x7b, 0xcc, 0x00, 0x3e, 0xde, 0x53, 0x80, 0xbe,
    0x06, 0x78, 0x32, 0xbe, 0x05, 0x8b, 0x20, 0x3e, 0x22, 0x82, 0x32, 0x3e,
    0xf4, 0x03, 0x62, 0x3d, 0xcd, 0xa6, 0x18, 0x3e, 0x0c, 0x55, 0x0b, 0x3d,
    0xa4, 0x7c, 0x72, 0x3d, 0x30, 0x5b, 0xb7, 0xbd, 0x90, 0x2e, 0xdb, 0x3e,
    0x4c, 0xaa, 0x98, 0x3d, 0x9a, 0x42, 0x11, 0x3e, 0xe9, 0xb8, 0x5a, 0xbe,
    0x8c, 0x71, 0x29, 0xbe, 0xe4, 0x88, 0x30, 0x3d, 0x17, 0x56, 0x52, 0xbe,
    0xca, 0xd2, 0x90, 0xbd, 0x00, 0x00, 0x3f, 0xb6, 0x48, 0x90, 0xce, 0xbc,
    0xa0, 0xaf, 0xaf, 0x3c, 0x7c, 0xfb, 0x1d, 0x3d, 0x3c, 0x85, 0x77, 0xbd,
    0x4e, 0x65, 0x9c, 0x3d, 0x7c, 0x20, 0x28, 0x3d, 0x82, 0xd1, 0xc5, 0x3d,
    0x7a, 0x3d, 0x12, 0xbe, 0xaf, 0x5b, 0x3e, 0x3e, 0x58, 0x20, 0x12, 0xbe,
    0x7d, 0x54, 0x1e, 0x3e, 0x0e, 0xe1, 0xdb, 0x3d, 0x4d, 0xdf, 0x5c, 0x3e,
    0x64, 0xfa, 0xfe, 0xbd, 0x54, 0x13, 0x42, 0x3d, 0x22, 0xff, 0x0b, 0xbe,
    0x81, 0xe0, 0xe9, 0xbd, 0x1a, 0x50, 0x0b, 0xbe, 0x08, 0x2a, 0x9f, 0xbd,
    0x25, 0xcb, 0x24, 0x3e, 0x41, 0xc2, 0x29, 0x3e, 0x55, 0x43, 0x56, 0x3e,
    0x71, 0x65, 0x54, 0x3e, 0x65, 0x61, 0x3c, 0x3e, 0x2e, 0xc6, 0xda, 0x3d,
    0x94, 0x0d, 0x4d, 0x3d, 0xd5, 0x14, 0x58, 0x3e, 0x99, 0xa8, 0x50, 0x3e,
    0x11, 0xe5, 0x4d, 0xbe, 0xec, 0x51, 0x38, 0xbe, 0x34, 0x7c, 0xa2, 0xbd,
    0xf7, 0x42, 0xe6, 0xbd, 0xb2, 0x5a, 0x17, 0xbe, 0xce, 0x94, 0xa5, 0x3d,
    0x18, 0x60, 0xc3, 0xbc, 0x05, 0xbb, 0x0c, 0x3e, 0x52, 0x3c, 0x96, 0x3d,
    0x59, 0x7c, 0xce, 0xbd, 0xfe, 0x67, 0xfd, 0x3d, 0x3a, 0xb8, 0x53, 0xbe,
    0x40, 0xa8, 0xa8, 0x3c, 0x65, 0xf3, 0x40, 0xbe, 0x80, 0x20, 0xe8, 0xbc,
    0x80, 0xdd, 0xb1, 0xbb, 0x1f, 0x66, 0x4f, 0x3e, 0xc8, 0x91, 0xa7, 0xbd,
    0x54, 0xfe, 0x33, 0xbe, 0x9d, 0x2b, 0x47, 0x3e, 0x50, 0x7d, 0x76, 0xbd,
    0xe9, 0x4a, 0x59, 0x3e, 0x54, 0x57, 0x37, 0x3d, 0x26, 0x51, 0xf9, 0x3d,
    0x4d, 0x3d, 0x02, 0x3e, 0x38, 0x2b, 0x01, 0xbe, 0xd6, 0x48, 0x20, 0xbe,
    0x88, 0x15, 0x24, 0xbd, 0x90, 0x70, 0x29, 0xbd, 0x71, 0xe1, 0x33, 0x3e,
    0x8a, 0x89, 0x14, 0x3e, 0xab, 0x2a, 0xc0, 0x3d, 0x48, 0x2d, 0xe3, 0xbc,
    0x03, 0x8b, 0xf9, 0xbd, 0xc2, 0x74, 0x16, 0x3e, 0xfe, 0x3f, 0x7a, 0xbd,
    0x67, 0x41, 0x39, 0x3e, 0x4e, 0xf0, 0x69, 0x3e, 0x34, 0xab, 0x90, 0x3a,
    0xc0, 0x24, 0xb0, 0xbc, 0x27, 0x94, 0x36, 0x3e, 0xbe, 0x6b, 0x04, 0xbe,
    0xcf, 0xbb, 0x67, 0x3d, 0xf6, 0xd3, 0xf4, 0x3d, 0xaf, 0x6b, 0xaa, 0x3c,
    0xc8, 0x57, 0xa4, 0xbd, 0xe0, 0x31, 0x79, 0x3e, 0x32, 0xf8, 0x23, 0xbe,
    0x9a, 0x2b, 0xa8, 0x3e, 0xee, 0x98, 0x18, 0xbe, 0xd1, 0xc4, 0x70, 0x3e,
    0x72, 0x43, 0x21, 0xbe, 0x6b, 0x64, 0xbd, 0x3c, 0x00, 0xc6, 0x79, 0x3b,
    0xbc, 0xce, 0x82, 0xbd, 0x73, 0x9d, 0xd1, 0xbd, 0x41, 0x2f, 0xd3, 0x3d,
    0x20, 0x26, 0xae, 0xbb, 0x22, 0xbf, 0x32, 0x3e, 0x76, 0xe8, 0x83, 0x3d,
    0xde, 0x34, 0x37, 0x3e, 0x19, 0x39, 0x3f, 0x3e, 0xc2, 0xa6, 0x25, 0xbe,
    0x4d, 0x5a, 0xe2, 0xbd, 0x20, 0x3c, 0x97, 0x3d, 0x07, 0xc9, 0x12, 0x3d,
    0x80, 0xfe, 0x17, 0x3c, 0x7e, 0x8b, 0xe0, 0x3d, 0x62, 0xd4, 0x77, 0xbd,
    0xde, 0xba, 0x1b, 0xbe, 0x7d, 0xf1, 0x2e, 0xbe, 0xf0, 0xf7, 0xa4, 0xbc,
    0x21, 0xa3, 0xd8, 0xbd, 0x9c, 0x98, 0x17, 0x3d, 0x27, 0xf3, 0x39, 0x3c,
    0x47, 0xcc, 0x2f, 0x3e, 0x9f, 0x83, 0x97, 0xbd, 0xd3, 0x16, 0x0f, 0xbe,
    0x28, 0x1a, 0x11, 0xbd, 0x32, 0xa8, 0xda, 0x3d, 0x28, 0xce, 0x04, 0xbe,
    0xdb, 0xd4, 0x2e, 0xbe, 0x22, 0x92, 0xbe, 0xbc, 0xa4, 0xc6, 0x61, 0x3d,
    0x71, 0x39, 0x1e, 0x3e, 0x4f, 0x96, 0x39, 0xbe, 0x00, 0xac, 0xef, 0xba,
    0x71, 0xce, 0x14, 0xbe, 0x0e, 0x89, 0x17, 0xbe, 0xf7, 0x94, 0x5b, 0x3e,
    0xb8, 0x3c, 0x0e, 0xbb, 0x44, 0x54, 0xab, 0x3e, 0x70, 0x76, 0xbb, 0xbd,
    0xb6, 0x29, 0x3b, 0xbe, 0xb0, 0x1a, 0xce, 0x3d, 0x2a, 0xf0, 0x1a, 0x3e,
    0x30, 0x92, 0x61, 0xbd, 0x76, 0x4f, 0xbd, 0x3d, 0x28, 0x14, 0x9a, 0x3d,
    0x48, 0xcb, 0x12, 0x3e, 0x90, 0xd7, 0x9d, 0x3c, 0x3c, 0x90, 0x60, 0xbd,
    0xfd, 0xc7, 0xff, 0x3d, 0xe6, 0xb9, 0xa0, 0x3d, 0xab, 0xeb, 0x08, 0x3e,
    0x29, 0x97, 0x2b, 0x3e, 0xd8, 0xbe, 0xf1, 0x3d, 0x16, 0x45, 0xe8, 0x3d,
    0x50, 0x4c, 0x61, 0x3e, 0x0a, 0x24, 0xec, 0x3d, 0x7c, 0x7d, 0x82, 0xbe,
    0x44, 0x69, 0x6f, 0x3d, 0x67, 0xd5, 0x4e, 0xbe, 0x84, 0x04, 0x1a, 0xbd,
    0xff, 0x38, 0x7a, 0xbd, 0x88, 0x61, 0x49, 0xbe, 0x38, 0x7a, 0x21, 0x3b,
    0x28, 0xcc, 0x84, 0xbc, 0x41, 0x4e, 0x43, 0xbe, 0x35, 0x33, 0x29, 0x3e,
    0xc4, 0x7f, 0xa3, 0x3c, 0xb6, 0x30, 0x97, 0x3d, 0x95, 0xf5, 0xcc, 0x3d,
    0xe6, 0xca, 0x27, 0xbe, 0x3a, 0x69, 0x7a, 0x3e, 0x6c, 0xf1, 0x20, 0xbd,
    0xce, 0x79, 0xa4, 0xbd, 0x83, 0x2b, 0x22, 0x3e, 0x60, 0x78, 0x02, 0x3d,
    0x04, 0xae, 0x45, 0x3e, 0x40, 0x9a, 0x6b, 0xbb, 0xa6, 0xfb, 0x84, 0x3d,
    0x39, 0x47, 0x50, 0x3e, 0x8a, 0x62, 0x43, 0xbe, 0xfe, 0xc7, 0xa1, 0xbb,
    0xee, 0xfa, 0xce, 0x3d, 0xd8, 0x40, 0xdc, 0x3c, 0x76, 0xdd, 0xc7, 0x3d,
    0x5d, 0xbf, 0xa6, 0xbd, 0xba, 0x0e, 0x60, 0xbe, 0x05, 0xa0, 0x0e, 0x3d,
    0xeb, 0x47, 0x14, 0x3d, 0x1f, 0x3d, 0x3a, 0x3e, 0xac, 0xee, 0x03, 0x3d,
    0x8c, 0x00, 0x2e, 0x3d, 0x60, 0xbc, 0x3d, 0xbe, 0x19, 0x65, 0x04, 0x3d,
    0x5c, 0xa8, 0x5c, 0xbe, 0x2e, 0xf7, 0xae, 0x3d, 0xc7, 0x05, 0x5b, 0xbe,
    0x5e, 0x10, 0xb1, 0x3d, 0x54, 0x5a, 0x07, 0xbe, 0xf0, 0xfc, 0x93, 0xbc,
    0xcc, 0x59, 0xbd, 0xbd, 0x96, 0xba, 0xc6, 0x3d, 0x28, 0xdf, 0xa3, 0xbc,
    0x6c, 0x67, 0x17, 0x3c, 0x52, 0x69, 0xc1, 0xbd, 0xae, 0x3e, 0x54, 0xbe,
    0xb2, 0xda, 0x99, 0x3d, 0x2e, 0x00, 0x93, 0x3d, 0x01, 0x70, 0x29, 0x3e,
    0x25, 0xbd, 0x1e, 0x3e, 0xbd, 0xee, 0xb2, 0x3d, 0x52, 0x8a, 0xe1, 0xbd,
    0x65, 0x88, 0x59, 0x3e, 0x11, 0x70, 0x45, 0xbe, 0x23, 0x58, 0x05, 0xbe,
    0xcd, 0x65, 0x91, 0x3c, 0x40, 0xdf, 0x0a, 0xbe, 0x0e, 0x3f, 0x54, 0xbe,
    0xad, 0xe3, 0x44, 0x3e, 0x39, 0x1a, 0xd4, 0xbd, 0x68, 0xdc, 0xd0, 0xbd,
    0xd3, 0x64, 0x11, 0xbe, 0x4d, 0x34, 0x42, 0x3e, 0x4c, 0xe3, 0x0a, 0xbe,
    0xf6, 0x63, 0x55, 0xbe, 0x3a, 0xda, 0xf7, 0xbd, 0xe0, 0x4b, 0x8f, 0x3c,
    0x9e, 0x3a, 0x38, 0xbe, 0xf6, 0x94, 0x99, 0x3d, 0xc3, 0xdf, 0x58, 0x3e,
    0xd2, 0xc4, 0xc2, 0x3d, 0x48, 0x79, 0xf3, 0xbd, 0xbe, 0x7e, 0xe3, 0x3d,
    0xca, 0x78, 0x46, 0xbe, 0x54, 0x2b, 0x1a, 0x3d, 0xde, 0xaa, 0x79, 0x3c,
    0x72, 0xb6, 0xe9, 0xbd, 0x9f, 0xc2, 0x41, 0x3e, 0xeb, 0xe0, 0x20, 0x3e,
    0x62, 0x81, 0x2f, 0xbe, 0xa8, 0x7c, 0xf0, 0xbc, 0x4b, 0xf9, 0x20, 0x3e,
    0xc5, 0xa7, 0x26, 0x3e, 0x6e, 0x57, 0x0f, 0xbe, 0xda, 0x7d, 0x0b, 0xbe,
    0xa0, 0xe1, 0x06, 0xbe, 0x87, 0xa7, 0x27, 0x3e, 0x10, 0x37, 0x4d, 0xbc,
    0x4b, 0x4a, 0x02, 0x3e, 0xf3, 0x31, 0x3e, 0x3d, 0xe8, 0x06, 0x23, 0xbd,
    0x0b, 0x28, 0xaf, 0xbd, 0xb2, 0x46, 0x34, 0xbe, 0x96, 0x0f, 0x0b, 0xbe,
    0x54, 0x81, 0x00, 0x3d, 0x7a, 0x74, 0xf5, 0x3d, 0x5a, 0xbf, 0xa4, 0x3d,
    0x4e, 0x06, 0x3a, 0xbd, 0xd2, 0x8a, 0xb1, 0x3d, 0x77, 0xbc, 0xd1, 0xbd,
    0x4e, 0x93, 0xd7, 0xbd, 0x42, 0xe1, 0x56, 0xbe, 0xd7, 0x1f, 0x20, 0x3e,
    0xb9, 0xcc, 0x1c, 0x3e, 0x86, 0x34, 0xbb, 0x3d, 0x9a, 0xd8, 0xd5, 0x3d,
    0xaa, 0x93, 0xed, 0x3d, 0xc1, 0xdc, 0x2a, 0xbe, 0xbf, 0xb2, 0x79, 0xbb,
    0xb0, 0x0b, 0x47, 0xbd, 0xf4, 0x48, 0x4c, 0x3d, 0x20, 0x6d, 0x30, 0xbd,
    0x18, 0xeb, 0xb7, 0x3c, 0x85, 0x42, 0x01, 0xbe, 0xc7, 0x6a, 0x0e, 0x3e,
    0x8c, 0xaa, 0x6f, 0x3d, 0x9a, 0x0c, 0xa7, 0x3d, 0xec, 0x4d, 0xa2, 0xbd,
    0x6c, 0x07, 0xc9, 0xbd, 0xf2, 0x15, 0x13, 0xbe, 0xda, 0xc2, 0x0e, 0xbe,
    0x08, 0x74, 0xe6, 0xbc, 0x39, 0xd4, 0x49, 0x3e, 0x20, 0x56, 0xaf, 0x3b,
    0x8a, 0xa4, 0x49, 0xbe, 0x49, 0x49, 0x57, 0x3e, 0x5d, 0xcb, 0x20, 0x3e,
    0xdf, 0xac, 0x31, 0x3e, 0x6e, 0x4f, 0x06, 0xbe, 0xee, 0x01, 0xb5, 0x3d,
    0xb0, 0x54, 0x26, 0xbd, 0x0f, 0xda, 0x5b, 0x3e, 0xd2, 0xf0, 0x16, 0xbe,
    0x90, 0xaa, 0x1d, 0xbe, 0x38, 0xee, 0xf0, 0xbc, 0x9f, 0x3a, 0xf4, 0xbd,
    0xa1, 0x0a, 0x29, 0x3e, 0xed, 0xe6, 0x25, 0x3e, 0xfd, 0xb0, 0x03, 0xbe,
    0x30, 0x87, 0x5b, 0xbe, 0x62, 0x5f, 0xb1, 0x3d, 0x34, 0x27, 0x51, 0xbd,
    0xc0, 0x4d, 0xae, 0x3c, 0xf3, 0x25, 0x27, 0x3e, 0x44, 0x9f, 0x43, 0xbd,
    0xd9, 0x94, 0x4d, 0x3e, 0xa2, 0x3f, 0x58, 0xbe, 0x16, 0x25, 0x85, 0x3d,
    0xa9, 0xf3, 0x0d, 0x3e, 0xc8, 0xfe, 0x42, 0xbd, 0x7e, 0xf4, 0xf8, 0x3d,
    0xec, 0x47, 0x36, 0xbe, 0x63, 0xd1, 0x42, 0xbe, 0x68, 0x78, 0x87, 0xbc,
    0x66, 0x02, 0x40, 0xbe, 0x70, 0xe0, 0x4d, 0xbe, 0x5e, 0x46, 0xc6, 0x3d,
    0x52, 0xfd, 0xd2, 0x3d, 0xa4, 0xa3, 0xa4, 0xbd, 0xbc, 0x7c, 0x7a, 0xbd,
    0x80, 0x17, 0x4a, 0xbc, 0x36, 0x5e, 0x92, 0x3d, 0xa9, 0xb2, 0x55, 0x3e,
    0xb0, 0x1e, 0xd3, 0x3c, 0x8c, 0x39, 0x8b, 0xbd, 0x6f, 0xd5, 0x28, 0x3e,
    0xc4, 0x83, 0x54, 0x3d, 0x86, 0x8f, 0xa2, 0xbd, 0x09, 0x74, 0x33, 0xbe,
    0x3c, 0xa9, 0x0d, 0x3d, 0x3d, 0xaf, 0x2e, 0xbe, 0x1f, 0x2c, 0x4e, 0x3e,
    0xa6, 0x63, 0xf4, 0x3d, 0xe4, 0xf7, 0x54, 0x3d, 0x96, 0x79, 0x4a, 0xbe,
    0x40, 0xb1, 0x8a, 0xbb, 0x81, 0xb8, 0x5c, 0x3e, 0x4c, 0xc0, 0xcd, 0x3d,
    0x57, 0x41, 0x51, 0xbe, 0x1c, 0x1f, 0x7e, 0x3d, 0x50, 0x64, 0x52, 0xbd,
    0x7e, 0x43, 0x26, 0xbe, 0x28, 0xaf, 0x02, 0x3d, 0xf1, 0x39, 0x0a, 0x3e,
    0x1d, 0xa1, 0x4c, 0xbe, 0x88, 0x8c, 0x19, 0x3e, 0xaa, 0x31, 0xb9, 0xbd,
    0x56, 0x04, 0xcc, 0xbc, 0x24, 0xc9, 0x0b, 0xbd, 0x8e, 0x2d, 0x02, 0x3e,
    0x00, 0x3a, 0x95, 0x3a, 0x87, 0x15, 0xda, 0x3d, 0xb4, 0x7f, 0x65, 0xbd,
    0x7e, 0x64, 0x4a, 0xbe, 0x34, 0xef, 0x23, 0x3e, 0xec, 0x6a, 0x16, 0x3e,
    0x8f, 0x2e, 0xc9, 0xbd, 0x6c, 0xd4, 0x78, 0xbd, 0xb0, 0x02, 0xbc, 0xbd,
    0xfa, 0x8d, 0x0e, 0x3e, 0x74, 0x3c, 0x47, 0xbd, 0x69, 0xed, 0xcd, 0x3c,
    0x76, 0xe9, 0xbb, 0x3d, 0xbc, 0x8f, 0x0f, 0xbe, 0x3d, 0x38, 0x38, 0xbe,
    0x0c, 0xa1, 0x63, 0x3d, 0xb1, 0x1e, 0x4d, 0x3e, 0x9b, 0xa1, 0x69, 0x3d,
    0x5d, 0x89, 0x9d, 0x3d, 0xd4, 0xf4, 0x64, 0x3d, 0xac, 0x6f, 0x2e, 0x3d,
    0x0a, 0x6c, 0x07, 0x3e, 0x6e, 0x64, 0x96, 0x3d, 0x35, 0x74, 0x41, 0x3e,
    0x78, 0xe2, 0xb0, 0xbd, 0xd0, 0xba, 0x56, 0xbe, 0xd4, 0xcf, 0x57, 0x3d,
    0x05, 0xe9, 0xd5, 0x3c, 0x1a, 0x52, 0x39, 0x3e, 0x6a, 0x85, 0xd4, 0xbd,
    0x96, 0x79, 0x21, 0x3e, 0xc2, 0x2c, 0xaa, 0xbd, 0xb0, 0x08, 0x02, 0x3c,
    0xfb, 0xe5, 0x4a, 0x3e, 0x74, 0xb6, 0x55, 0x3d, 0x80, 0xe4, 0xba, 0x3d,
    0x49, 0xf4, 0x45, 0x3e, 0x17, 0x32, 0x13, 0xbe, 0x6c, 0x29, 0x37, 0xbe,
    0x5b, 0x6e, 0x17, 0x3e, 0xe0, 0x15, 0xd7, 0xbb, 0xc7, 0x6d, 0x03, 0xbe,
    0x6e, 0xf8, 0xd2, 0xbd, 0x93, 0x35, 0x4d, 0xbe, 0x1e, 0xde, 0xa3, 0xbc,
    0xdc, 0x8a, 0x3e, 0xbe, 0xe2, 0xb0, 0xdd, 0x3d, 0x4c, 0xd2, 0x20, 0x3d,
    0x15, 0x62, 0x2f, 0xbe, 0xe7, 0x0b, 0x58, 0x3e, 0x2e, 0x71, 0x89, 0xbd,
    0x4d, 0x77, 0x1e, 0xbd, 0x39, 0x71, 0x52, 0xbd, 0x29, 0xc2, 0xbf, 0xbd,
    0x40, 0xe1, 0x40, 0xbd, 0xae, 0x10, 0x11, 0xbe, 0x51, 0x52, 0x2b, 0x3e,
    0xbb, 0x11, 0x35, 0x3e, 0x30, 0x7b, 0x82, 0x3d, 0x36, 0x25, 0x3b, 0x3e,
    0xfb, 0xc5, 0x59, 0x3e, 0x2b, 0xe8, 0x8b, 0x3d, 0x96, 0x50, 0xb1, 0xbd,
    0x52, 0xc4, 0x5f, 0xbe, 0x80, 0xf7, 0xe5, 0x3b, 0xd9, 0x06, 0xcf, 0xbd,
    0x4e, 0x4a, 0x21, 0xbe, 0x35, 0x7b, 0x39, 0xbe, 0xb8, 0x62, 0x24, 0x3e,
    0x2c, 0x8c, 0xcc, 0xbd, 0xaa, 0x33, 0xad, 0x3d, 0xab, 0x5a, 0x12, 0xbe,
    0x2e, 0x38, 0xe2, 0x3d, 0xc9, 0x1f, 0x5b, 0x3d, 0xfb, 0xaf, 0x17, 0x3e,
    0x4a, 0x43, 0x4d, 0xbe, 0x12, 0xc4, 0xad, 0x3d, 0x02, 0xb6, 0x2a, 0xbe,
    0xe4, 0xae, 0xac, 0xbd, 0xf0, 0x26, 0xf1, 0x3c, 0x58, 0xec, 0xd1, 0x3c,
    0xef, 0x26, 0x87, 0x3d, 0xe2, 0x39, 0x93, 0xbc, 0xbc, 0xa7, 0xb4, 0xbd,
    0x54, 0x02, 0x5a, 0xbe, 0x8a, 0xea, 0x06, 0x3e, 0xb8, 0x7a, 0x0f, 0x3e,
    0x16, 0x9a, 0xfe, 0xbd, 0xef, 0x12, 0x3b, 0x3e, 0xde, 0x55, 0xe4, 0x3d,
    0x4c, 0x8e, 0x27, 0x3d, 0xc9, 0xd0, 0x51, 0xbc, 0x4f, 0xc9, 0x4a, 0x3e,
    0x97, 0x44, 0x73, 0x3c, 0x5a, 0xa4, 0x19, 0xbe, 0x0a, 0xbd, 0xdd, 0x3d,
    0xde, 0x09, 0x81, 0x3d, 0x14, 0xf0, 0x68, 0xbd, 0x7a, 0x4c, 0xa6, 0x3d,
    0x32, 0x87, 0x48, 0xbd, 0x4f, 0x99, 0x53, 0x3e, 0xea, 0xad, 0xd7, 0x3d,
    0x37, 0x2a, 0x23, 0x3e, 0xc1, 0x08, 0x09, 0x3e, 0x5d, 0x28, 0x54, 0xbe,
    0x60, 0xf5, 0x05, 0xbe, 0x88, 0x40, 0x0b, 0xbd, 0x58, 0xb2, 0x05, 0x3e,
    0x7c, 0xc8, 0xd1, 0x3d, 0xe1, 0xaf, 0x8b, 0xbb, 0x4b, 0xa6, 0x66, 0xbe,
    0x0e, 0x6c, 0x85, 0x3d, 0xca, 0x71, 0x91, 0xbc, 0x1c, 0xf7, 0x54, 0xbd,
    0x09, 0x00, 0x15, 0x3e, 0xf8, 0x4e, 0x7d, 0x3c, 0x71, 0x14, 0xcd, 0x3d,
    0x6c, 0xaf, 0x67, 0xbd, 0xf4, 0x1c, 0x25, 0x3d, 0x8d, 0xf7, 0x76, 0xbd,
    0x5f, 0xf8, 0x32, 0x3e, 0xae, 0x07, 0x7b, 0xbd, 0x5a, 0x17, 0xc7, 0x3d,
    0x67, 0x22, 0x6d, 0xbc, 0x7e, 0xb1, 0x5c, 0xbe, 0x0a, 0xd7, 0x63, 0x3d,
    0x0a, 0xf5, 0x9f, 0x3d, 0x5f, 0x88, 0xa9, 0xbd, 0x33, 0xd1, 0xd7, 0xbd,
    0x6a, 0xce, 0x8c, 0xbe, 0x25, 0x0f, 0x29, 0x3e, 0x31, 0x6f, 0xf2, 0xbd,
    0xd5, 0x14, 0x15, 0xbe, 0xfc, 0xa6, 0x2e, 0x3d, 0xd0, 0x26, 0x0e, 0xbc,
    0x7c, 0xa2, 0x08, 0x3e, 0xf8, 0x41, 0x05, 0xbe, 0xe6, 0xf6, 0xdc, 0xbd,
    0xb6, 0xc8, 0x08, 0xbe, 0x0c, 0xb8, 0x9e, 0x3d, 0x35, 0x47, 0x52, 0x3e,
    0xad, 0xcc, 0x51, 0x3e, 0x10, 0x68, 0x53, 0xbc, 0x97, 0x6e, 0x44, 0x3e,
    0x89, 0x7e, 0x02, 0x3e, 0x0e, 0x16, 0xfd, 0xbd, 0xfa, 0x72, 0x2a, 0x3e,
    0xff, 0xb9, 0x24, 0x3e, 0xc4, 0xf3, 0x6b, 0x3d, 0x92, 0xd4, 0x11, 0x3d,
    0xbb, 0x65, 0x40, 0x3e, 0x78, 0x7a, 0x5b, 0xbd, 0x0a, 0x24, 0xcc, 0x3d,
    0xe2, 0x99, 0x9c, 0xbd, 0xaf, 0x3d, 0x12, 0x3e, 0x72, 0x58, 0x48, 0x3e,
    0xde, 0x93, 0xe4, 0x3d, 0xf2, 0x0f, 0x63, 0xbe, 0xb9, 0x67, 0x3c, 0x3e,
    0xcc, 0x69, 0x0d, 0x3d, 0xc4, 0xdf, 0x02, 0x3d, 0x62, 0x2c, 0xf7, 0x3d,
    0x48, 0x11, 0x87, 0xbd, 0x9b, 0xc6, 0x23, 0xbc, 0x98, 0x8d, 0xc4, 0x3c,
    0x8d, 0x59, 0xee, 0xbd, 0xe2, 0x96, 0x9f, 0xbd, 0x50, 0x02, 0x06, 0x3c,
    0xee, 0xb3, 0x97, 0x3d, 0xd4, 0x06, 0x08, 0xbe, 0xcd, 0x98, 0x19, 0x3e,
    0xec, 0x5f, 0x3c, 0xbe, 0x45, 0x0d, 0x8f, 0xbe, 0xb2, 0x43, 0xd0, 0x3d,
    0xc3, 0x12, 0x35, 0x3e, 0xfb, 0x78, 0xd6, 0xbd, 0x2b, 0xe2, 0x07, 0x3e,
    0x23, 0x86, 0x4f, 0x3e, 0x8c, 0xd0, 0x3f, 0x3d, 0x50, 0x8b, 0xa7, 0xbc,
    0x46, 0x16, 0x38, 0xbe, 0x95, 0xad, 0x20, 0xbe, 0x76, 0xc3, 0xdf, 0x3d,
    0xd5, 0xe0, 0x1f, 0xbe, 0x67, 0xc2, 0x10, 0x3e, 0x26, 0xfd, 0xde, 0x3d,
    0x4a, 0xb9, 0xa2, 0x3d, 0x10, 0x0b, 0x00, 0x3c, 0x0d, 0x95, 0x19, 0x3e,
    0x07, 0x25, 0x3c, 0x3e, 0xb8, 0x50, 0xc3, 0x3c, 0xfd, 0x24, 0xcb, 0xbd,
    0x60, 0xc5, 0x7a, 0xbc, 0x9e, 0xcd, 0x36, 0xbe, 0x92, 0xe2, 0xba, 0xbd,
    0x29, 0xbd, 0x1f, 0x3e, 0x1e, 0x5b, 0x01, 0xbe, 0x88, 0xca, 0x0a, 0xbe,
    0x1b, 0x9a, 0x1a, 0x3e, 0x6d, 0x42, 0x2b, 0xbe, 0x24, 0x07, 0x27, 0x3d,
    0x40, 0xba, 0x02, 0xbd, 0xf3, 0x5d, 0x38, 0x3e, 0x55, 0x88, 0x4d, 0x3e,
    0xe8, 0x99, 0xf8, 0xbd, 0x46, 0xf5, 0xe4, 0xbd, 0x94, 0x5f, 0x5d, 0xbe,
    0xfc, 0x3a, 0x3d, 0x3d, 0x00, 0x90, 0x90, 0xbd, 0x93, 0x5a, 0xff, 0xbd,
    0xb3, 0xc2, 0xea, 0xbd, 0x3a, 0x46, 0xa4, 0x3d, 0xd4, 0x71, 0x22, 0xbd,
    0x7e, 0x25, 0x3c, 0xbe, 0xe4, 0x10, 0x72, 0x3d, 0x60, 0xb4, 0x09, 0xbd,
    0x9a, 0x91, 0x8f, 0xbd, 0xfe, 0x76, 0xee, 0x3d, 0xbd, 0x1c, 0x3f, 0x3e,
    0xf2, 0xc6, 0x85, 0x3d, 0x3d, 0xba, 0x46, 0x3e, 0xf1, 0xcf, 0x57, 0xbe,
    0x48, 0x59, 0xeb, 0x3c, 0xb2, 0x5e, 0xe1, 0x3d, 0xc3, 0x4f, 0x27, 0xbe,
    0x0c, 0xec, 0x38, 0xbe, 0x98, 0x7d, 0x34, 0xbd, 0x7e, 0x86, 0x36, 0xbe,
    0x08, 0xc3, 0xe9, 0xbd, 0x2e, 0x68, 0xf6, 0xbd, 0x1b, 0xbf, 0x1b, 0xbe,
    0x2a, 0x4c, 0x9c, 0x3d, 0x04, 0x5c, 0x78, 0x3d, 0xec, 0x42, 0x27, 0xbe,
    0x32, 0xe5, 0xd4, 0x3d, 0x44, 0x16, 0x11, 0x3d, 0x82, 0x3c, 0x18, 0xbe,
    0xd0, 0x4c, 0x77, 0xbc, 0xb4, 0x80, 0x32, 0x3d, 0x08, 0x15, 0x38, 0xbe,
    0x46, 0x0e, 0xa2, 0x3e, 0x30, 0x6d, 0xab, 0x3c, 0x20, 0x37, 0xd4, 0x3b,
    0x81, 0xf0, 0x1f, 0xbe, 0xd4, 0x46, 0x77, 0x3e, 0x30, 0x23, 0xbf, 0x3c,
    0x14, 0xf8, 0x80, 0x3c, 0xae, 0xfb, 0x09, 0x3f, 0x33, 0x45, 0x23, 0x3e,
    0x66, 0x63, 0xdc, 0x3b, 0xe3, 0x7c, 0xb1, 0xbe, 0x93, 0x4d, 0xb1, 0x3d,
    0x70, 0x01, 0x02, 0xbe, 0x94, 0xb8, 0x8f, 0xbe, 0xbb, 0x7d, 0x1d, 0x3e,
    0x6f, 0xda, 0x95, 0x3c, 0xbd, 0x41, 0x02, 0x3e, 0xad, 0x1f, 0x3b, 0xbe,
    0xcd, 0x6a, 0x3f, 0xbe, 0x43, 0x44, 0x6f, 0xbe, 0x26, 0xfa, 0xae, 0xbe,
    0x22, 0xcf, 0xf4, 0xbd, 0x6b, 0xbf, 0x30, 0xbe, 0xbe, 0xcd, 0xcf, 0x3e,
    0x40, 0x48, 0x10, 0xbd, 0x4b, 0x09, 0xab, 0x3e, 0x8a, 0xd7, 0x39, 0xbe,
    0x9d, 0x65, 0x5e, 0xbe, 0x5e, 0x5b, 0x8c, 0xbd, 0x13, 0x7a, 0xcc, 0xbe,
    0xa9, 0xf3, 0x06, 0xbe, 0x2b, 0x3f, 0x5a, 0x3e, 0x70, 0x35, 0xc8, 0xbd,
    0xdb, 0xe7, 0x80, 0xbe, 0xb8, 0xcc, 0xb6, 0xbe, 0xb7, 0xa5, 0x1a, 0x3e,
    0x44, 0xf6, 0x01, 0xbd, 0xc6, 0x95, 0x66, 0xbd, 0x50, 0xbe, 0x67, 0xbe,
    0xee, 0x49, 0xe6, 0xbe, 0xc9, 0x83, 0x4f, 0xbe, 0xbd, 0x13, 0x1b, 0x3e,
    0x9c, 0x21, 0x83, 0xbd, 0xbe, 0x70, 0xe1, 0xbe, 0x2d, 0xad, 0x8a, 0x3d,
    0x9a, 0x56, 0x86, 0xbe, 0x5a, 0xc3, 0x95, 0xbe, 0x81, 0xea, 0x20, 0x3e,
    0x32, 0xf1, 0x1f, 0xbe, 0x10, 0xef, 0xe3, 0xbc, 0xba, 0xe9, 0xfd, 0x3d,
    0x30, 0x99, 0x50, 0x3e, 0x5f, 0x3a, 0x3f, 0x3e, 0x1a, 0x06, 0x38, 0xbe,
    0x11, 0x88, 0xad, 0xbe, 0xca, 0x75, 0xed, 0x3d, 0x59, 0xe6, 0xf6, 0xbd,
    0x2d, 0x00, 0x04, 0xbe, 0x40, 0xb2, 0x4f, 0x3c, 0xd5, 0x56, 0xd8, 0x3e,
    0x96, 0xa9, 0x02, 0xbd, 0xc7, 0x35, 0x9d, 0xbe, 0xde, 0xbb, 0xa6, 0xbe,
    0x2e, 0x14, 0x72, 0x3d, 0x6a, 0xe6, 0xb9, 0x3d, 0x10, 0xf1, 0x77, 0xbd,
    0x40, 0x8a, 0x3f, 0xbe, 0xfc, 0xac, 0xf2, 0xbc, 0xed, 0x28, 0xd2, 0xbd,
    0x60, 0x1d, 0x69, 0xbd, 0xec, 0x63, 0x27, 0x3d, 0x77, 0xd8, 0x07, 0xbd,
    0x8b, 0x38, 0x39, 0x3e, 0xc6, 0x3c, 0x2b, 0xbe, 0x4a, 0x5d, 0x3a, 0x3d,
    0xfb, 0xf1, 0x2f, 0x3d, 0xc3, 0x27, 0x39, 0x3e, 0x04, 0xdc, 0x8c, 0x3e,
    0xb7, 0xbb, 0x34, 0x3e, 0x5a, 0xd9, 0xdb, 0x3e, 0x5c, 0x28, 0x7f, 0x3d,
    0xf5, 0xbd, 0x3f, 0x3f, 0x3e, 0x7a, 0x82, 0x3d, 0x27, 0xcf, 0x58, 0x3e,
    0xec, 0x62, 0x15, 0xbe, 0x20, 0xe6, 0x37, 0x3e, 0x8d, 0xd0, 0x2b, 0xbe,
    0xa1, 0x50, 0x1c, 0x3d, 0x54, 0x38, 0x8e, 0xbd, 0x6b, 0xa3, 0x02, 0xbd,
    0xad, 0xf9, 0x0a, 0xbe, 0x48, 0x86, 0x27, 0xbd, 0x03, 0xac, 0x47, 0x3e,
    0xa7, 0x4f, 0x11, 0x3d, 0x28, 0xef, 0x12, 0xbd, 0x12, 0xf8, 0xcf, 0x3d,
    0xc4, 0x85, 0x42, 0x3d, 0x22, 0xd1, 0x4d, 0x3e, 0x5c, 0x36, 0x49, 0xbe,
    0xd7, 0xf2, 0x23, 0x3e, 0x5d, 0x3d, 0xd9, 0xbd, 0x0c, 0x02, 0x44, 0x3e,
    0x24, 0xb4, 0x9e, 0xbc, 0xa0, 0xda, 0x50, 0xbe, 0x96, 0x48, 0x43, 0xbe,
    0x58, 0x37, 0xc0, 0x3c, 0x4e, 0xb6, 0x8b, 0x3d, 0x82, 0xa2, 0xc5, 0xbd,
    0xf3, 0x74, 0x0c, 0x3f, 0xf7, 0x9f, 0x5a, 0x3e, 0x1f, 0xa9, 0x37, 0xbe,
    0x60, 0xc3, 0xb8, 0xbc, 0xea, 0x1f, 0xc0, 0x3d, 0x69, 0x33, 0x4a, 0x3e,
    0xb8, 0xca, 0x5a, 0xbe, 0xaf, 0x31, 0xcf, 0xbd, 0xc6, 0x73, 0xce, 0x3d,
    0x57, 0x5e, 0x03, 0x3e, 0x30, 0xab, 0x19, 0x3e, 0x60, 0x4e, 0xba, 0xbd,
    0x28, 0x0c, 0x86, 0x3c, 0xae, 0xef, 0x2a, 0xbe, 0x8f, 0xac, 0x48, 0xbe,
    0x82, 0x2d, 0x82, 0xbe, 0xb5, 0xc7, 0x34, 0x3f, 0x8f, 0xe8, 0x76, 0x3e,
    0xae, 0x1a, 0x68, 0x3e, 0x7e, 0x4f, 0xd7, 0xbd, 0x3e, 0x52, 0xeb, 0xbd,
    0x56, 0x5b, 0xa6, 0x3d, 0x25, 0x34, 0x41, 0xbe, 0x53, 0x57, 0x31, 0x3e,
    0xe6, 0xa1, 0x71, 0x3e, 0xe4, 0x17, 0x11, 0xbd, 0x38, 0x72, 0x87, 0xbd,
    0x5c, 0x7b, 0xf3, 0xbc, 0x45, 0x5e, 0x3c, 0xbe, 0xf9, 0x50, 0x41, 0x3d,
    0xff, 0x20, 0xa5, 0x3b, 0xc5, 0x83, 0x26, 0xbe, 0xa8, 0x2c, 0xfb, 0xbc,
    0xa0, 0x64, 0x6d, 0x3b, 0xa6, 0xb6, 0xc1, 0x3d, 0x28, 0x14, 0x04, 0xbe,
    0x03, 0xd8, 0x3f, 0x3e, 0x83, 0x06, 0x33, 0xbe, 0xa1, 0x6d, 0x54, 0x3e,
    0x85, 0x79, 0x96, 0xbd, 0xf4, 0x8b, 0xdd, 0xbd, 0x9c, 0x6a, 0x62, 0x3d,
    0x5b, 0x64, 0x43, 0x3e, 0x39, 0x87, 0xe4, 0xbd, 0x04, 0xa5, 0x30, 0x3d,
    0x7d, 0x82, 0xea, 0x3d, 0x00, 0x19, 0xca, 0x3c, 0xf1, 0xa0, 0x44, 0x3e,
    0xf6, 0x9b, 0xb3, 0x3d, 0x23, 0x67, 0x22, 0x3e, 0xe1, 0x5f, 0x36, 0x3e,
    0xdb, 0xb6, 0x09, 0x3e, 0xce, 0xab, 0x03, 0xbe, 0x9e, 0x5a, 0x2c, 0x3e,
    0xe5, 0x8d, 0x00, 0xbe, 0xd2, 0x3b, 0xd5, 0x3d, 0x25, 0x4c, 0x35, 0x3e,
    0x68, 0x39, 0x86, 0x3d, 0x88, 0x6b, 0xe3, 0x3d, 0x2c, 0xab, 0x9e, 0x3d,
    0x67, 0x24, 0x30, 0x3e, 0x26, 0x21, 0xf5, 0x3d, 0xd2, 0x32, 0xa3, 0x3d,
    0x62, 0x3b, 0xdb, 0xbd, 0x60, 0xb5, 0xa0, 0xbd, 0xa2, 0x1c, 0x20, 0xbe,
    0x5b, 0x55, 0xd4, 0xbb, 0x86, 0x42, 0xaf, 0x3d, 0xe6, 0x04, 0xea, 0x3d,
    0x16, 0x48, 0x1f, 0xbe, 0xe8, 0x42, 0xb9, 0xbd, 0x1e, 0x4e, 0x4d, 0x3e,
    0x21, 0x5b, 0x15, 0xbe, 0x00, 0xab, 0x08, 0x3c, 0x7d, 0x12, 0x04, 0xbd,
    0x88, 0x97, 0x9b, 0x3c, 0xcd, 0xb6, 0x2b, 0x3e, 0xe5, 0xe5, 0x27, 0xbe,
    0xeb, 0xc4, 0x46, 0x3e, 0x3b, 0x3e, 0xc9, 0xbb, 0x5a, 0x27, 0x8b, 0xbe,
    0x33, 0x2b, 0x4c, 0x3e, 0x5b, 0x91, 0x27, 0xbd, 0xd4, 0x15, 0x00, 0xbd,
    0x85, 0xa1, 0xed, 0xbd, 0xb8, 0x46, 0xc5, 0xbc, 0xe2, 0xfa, 0xa6, 0x3d,
    0xb9, 0xfb, 0x1a, 0xbe, 0xc4, 0x2e, 0x2e, 0x3d, 0x96, 0x76, 0xb8, 0x3d,
    0xe5, 0x13, 0x33, 0x3e, 0x8a, 0xdc, 0x9f, 0x3d, 0x0c, 0x13, 0x78, 0x3d,
    0xdc, 0xd0, 0x91, 0xbd, 0x29, 0x23, 0x43, 0xbe, 0x97, 0xf6, 0x52, 0xbe,
    0x19, 0xb9, 0xf6, 0xbd, 0x78, 0xb6, 0x45, 0xbd, 0xc4, 0x3d, 0x42, 0xbd,
    0x9c, 0xa4, 0x2e, 0x3d, 0x15, 0x3c, 0x0c, 0xbe, 0xaf, 0x05, 0x1c, 0x3e,
    0x36, 0x1e, 0x91, 0x3d, 0xc3, 0x8d, 0x1f, 0xbe, 0x8a, 0xa4, 0xc1, 0x3d,
    0xf4, 0xd8, 0x68, 0x3d, 0x5b, 0xd0, 0x0e, 0x3e, 0x8e, 0xec, 0xa4, 0xbd,
    0x23, 0x81, 0x0d, 0x3e, 0x6c, 0x47, 0xe4, 0xbd, 0x55, 0x18, 0xf1, 0xbd,
    0x86, 0xe1, 0xaf, 0xbd, 0xfa, 0x88, 0xf3, 0x3d, 0x2c, 0x0e, 0x80, 0xbd,
    0xe0, 0x0f, 0xf8, 0xbb, 0x40, 0x3f, 0xba, 0xbc, 0x7c, 0xce, 0x58, 0x3d,
    0x12, 0xd3, 0xd9, 0x3d, 0xe8, 0x11, 0x97, 0xbd, 0x42, 0x33, 0x42, 0xbe,
    0x7c, 0x2d, 0x14, 0xbe, 0xb0, 0x26, 0xa4, 0xbc, 0x04, 0xcc, 0x4b, 0x3d,
    0x70, 0x06, 0x99, 0x3c, 0x42, 0x34, 0x8c, 0xbd, 0x88, 0x49, 0x86, 0xbc,
    0xa3, 0x55, 0x15, 0x3e, 0x14, 0xa5, 0x13, 0xbd, 0x70, 0x5e, 0xdf, 0xbd,
    0xb4, 0xe0, 0x74, 0x3d, 0xc5, 0x3a, 0x24, 0x3e, 0x1e, 0x30, 0x01, 0xbe,
    0x48, 0x27, 0x87, 0xbd, 0xe8, 0x0d, 0x2a, 0xbd, 0x8c, 0xde, 0x55, 0x3d,
    0x24, 0xa1, 0x5b, 0xbe, 0xb9, 0x4d, 0x0e, 0x3e, 0x2f, 0x88, 0x19, 0xbe,
    0x24, 0x88, 0x22, 0xbd, 0x84, 0xe3, 0xa0, 0xbd, 0x4f, 0x82, 0x19, 0x3e,
    0x07, 0x5c, 0xe6, 0xbd, 0x2f, 0x3c, 0x1d, 0x3e, 0x44, 0xb8, 0x7f, 0x3d,
    0xc0, 0x6a, 0x11, 0x3c, 0xa5, 0x66, 0x4e, 0xbe, 0xd4, 0x20, 0x31, 0x3d,
    0x05, 0xe6, 0x36, 0xbd, 0x21, 0xc2, 0x31, 0xbe, 0x7f, 0xe6, 0x23, 0x3e,
    0x03, 0x58, 0x5a, 0x3e, 0xb5, 0x4e, 0x07, 0xbc, 0x2a, 0x40, 0x53, 0x3d,
    0x06, 0x8c, 0xfb, 0xbd, 0x3a, 0x91, 0x4d, 0x3d, 0xd6, 0x9c, 0xfb, 0xbd,
    0x61, 0xab, 0x5a, 0x3e, 0x69, 0xa5, 0xd0, 0x3d, 0xc3, 0x45, 0x2a, 0x3c,
    0x32, 0x8b, 0x26, 0x3e, 0x2a, 0x2f, 0x53, 0xbe, 0xff, 0xeb, 0xd8, 0xbd,
    0x8b, 0x22, 0x13, 0x3e, 0x17, 0x01, 0x03, 0xbd, 0xbb, 0x2d, 0x05, 0x3e,
    0x25, 0x30, 0x09, 0x3e, 0x81, 0xd8, 0x37, 0x3e, 0xa3, 0x06, 0xab, 0xbc,
    0xf0, 0x02, 0xec, 0xbd, 0x5d, 0x4c, 0x9c, 0x3c, 0x8c, 0xb9, 0x2e, 0x3d,
    0xee, 0x8a, 0x17, 0xbe, 0x40, 0x92, 0x26, 0x3b, 0x7a, 0xaf, 0x3c, 0xbe,
    0x2e, 0x67, 0xa4, 0x3d, 0x04, 0x4b, 0xc7, 0xbd, 0xd8, 0x55, 0xe4, 0xbd,
    0xd0, 0xa1, 0x23, 0xbd, 0x3c, 0xfa, 0x33, 0x3d, 0xf2, 0x98, 0xf0, 0xbd,
    0x31, 0xae, 0xf6, 0xbd, 0xc5, 0x4b, 0x9d, 0x3d, 0xa8, 0x39, 0x38, 0xbe,
    0xdc, 0x0e, 0x1d, 0xbd, 0x6c, 0xbc, 0x2f, 0xbe, 0x84, 0x3f, 0xae, 0xbc,
    0x9f, 0x19, 0x10, 0xbe, 0xff, 0x28, 0x03, 0x3e, 0x24, 0x97, 0x1f, 0x3d,
    0x24, 0x47, 0x2c, 0xbe, 0x73, 0x07, 0x55, 0x3e, 0x4e, 0x50, 0x37, 0x3e,
    0xfb, 0xc6, 0x18, 0x3e, 0xbb, 0xfb, 0x73, 0xbd, 0xda, 0xa9, 0x13, 0xbe,
    0xdc, 0x61, 0x47, 0x3d, 0x14, 0xb8, 0x7e, 0x3d, 0xcf, 0x58, 0xf9, 0xbd,
    0x40, 0xc4, 0x8f, 0xbc, 0x3d, 0x10, 0x03, 0x3e, 0xd3, 0x19, 0x3b, 0x3e,
    0x62, 0x21, 0x09, 0xbe, 0xbd, 0xaf, 0x8d, 0x3d, 0x22, 0x14, 0xc3, 0x3d,
    0x8d, 0xeb, 0x0a, 0x3e, 0xaf, 0x76, 0x32, 0x3e, 0xe1, 0xb6, 0x30, 0x3e,
    0xad, 0x58, 0xc9, 0x3c, 0x49, 0xf2, 0x5e, 0x3d, 0x9e, 0xce, 0xf7, 0xbd,
    0xd9, 0x1b, 0x04, 0x3e, 0xa1, 0x02, 0xd7, 0xbd, 0xe6, 0x68, 0x02, 0xbd,
    0xd0, 0x0c, 0x21, 0xbd, 0xa5, 0x6e, 0x56, 0xbe, 0xab, 0x22, 0xaa, 0x3d,
    0xd9, 0x58, 0xc0, 0xbd, 0xb8, 0x15, 0xc8, 0xbc, 0xba, 0x9c, 0xa7, 0x3d,
    0x74, 0xcf, 0x55, 0xbe, 0x13, 0xf2, 0x13, 0x3e, 0x37, 0x1f, 0x12, 0xbe,
    0x66, 0x80, 0xdf, 0xbd, 0x6c, 0x30, 0x2d, 0x3e, 0x06, 0x89, 0xfa, 0x3d,
    0x62, 0xf6, 0xd0, 0xbd, 0x89, 0x95, 0x30, 0x3e, 0x1e, 0x25, 0x33, 0x3c,
    0xd5, 0xa1, 0xd8, 0xbd, 0x4e, 0x50, 0xeb, 0x3c, 0x82, 0xfb, 0x87, 0x3d,
    0x9b, 0x01, 0x48, 0x3d, 0x9f, 0x73, 0x36, 0x3e, 0xf8, 0x04, 0x40, 0x3e,
    0x44, 0xff, 0x05, 0xbd, 0xe9, 0xe4, 0x2a, 0x3e, 0x89, 0xf2, 0x44, 0x3e,
    0x78, 0x9f, 0x6f, 0x3d, 0x05, 0xdb, 0x2a, 0x3e, 0x87, 0xcb, 0xee, 0xbd,
    0x07, 0xc0, 0x13, 0x3e, 0xe7, 0x54, 0xd9, 0xbd, 0x40, 0x63, 0x41, 0x3b,
    0x6a, 0x9b, 0x8a, 0x3d, 0x20, 0x8f, 0xce, 0xbb, 0x10, 0xf9, 0x93, 0x3d,
    0xa6, 0x28, 0x3b, 0xbe, 0x83, 0xe1, 0x41, 0x3e, 0x2c, 0x6a, 0x8c, 0xbd,
    0x60, 0xa4, 0xc6, 0xbb, 0xea, 0x3e, 0xb3, 0x3d, 0xbb, 0x60, 0x39, 0x3e,
    0x6e, 0xea, 0xc5, 0x3d, 0xf8, 0xab, 0x70, 0xbd, 0x9d, 0x5f, 0x23, 0x3e,
    0xd0, 0xcf, 0x4d, 0xbe, 0x4a, 0xc8, 0x89, 0x3d, 0x8c, 0x4f, 0x4a, 0xbd,
    0x1e, 0x63, 0x22, 0x3e, 0x78, 0x5f, 0xd5, 0x3c, 0x80, 0x20, 0x8c, 0x3c,
    0x8d, 0x8e, 0x13, 0x3e, 0x53, 0xe5, 0x36, 0x3e, 0x62, 0x50, 0xd6, 0xbd,
    0x20, 0x7e, 0x84, 0xbd, 0x3e, 0x76, 0x88, 0x3d, 0xa9, 0x10, 0x07, 0x3e,
    0x00, 0xa7, 0xeb, 0x3c, 0xf5, 0xd1, 0x1e, 0xbe, 0xf8, 0x06, 0x11, 0xbe,
    0x08, 0xfe, 0xc8, 0xbd, 0x13, 0xf7, 0x00, 0x3d, 0x43, 0x29, 0x14, 0xbe,
    0x15, 0x2f, 0x70, 0x3c, 0x96, 0xfb, 0x1b, 0xbd, 0xeb, 0x68, 0xc9, 0xbd,
    0x13, 0x73, 0x46, 0xbe, 0x9e, 0xb7, 0x97, 0xbd, 0x88, 0xff, 0xf0, 0x3c,
    0xb5, 0xe4, 0x1f, 0xbe, 0xf8, 0x1d, 0x0e, 0xbe, 0x48, 0x22, 0xbc, 0x3c,
    0x26, 0x39, 0x00, 0xbd, 0xfb, 0x6f, 0x6a, 0x3d, 0x43, 0x90, 0x09, 0x3e,
    0x2f, 0xf0, 0x65, 0xbd, 0xfe, 0xb7, 0x2b, 0x3e, 0x76, 0xb3, 0x8a, 0x3d,
    0xee, 0xba, 0xf1, 0x3d, 0x85, 0x7d, 0xd0, 0x3c, 0x6c, 0x27, 0xd5, 0xbd,
    0xf1, 0x7e, 0x60, 0x3e, 0x8b, 0xe0, 0x09, 0xbe, 0x20, 0x10, 0x4e, 0xbc,
    0x0c, 0xce, 0xa4, 0xbd, 0x70, 0x47, 0xf2, 0x3d, 0x29, 0x4f, 0x81, 0x3e,
    0xd7, 0x35, 0x88, 0x3c, 0x18, 0x6f, 0xa9, 0x3c, 0xb2, 0x8b, 0xf6, 0x3b,
    0x9b, 0xf5, 0x3f, 0x3e, 0x80, 0xaf, 0x0d, 0xbe, 0xd0, 0xaf, 0xe2, 0x3c,
    0x30, 0xc9, 0xd6, 0xbc, 0x5c, 0x43, 0x57, 0xbe, 0x4d, 0x7e, 0x95, 0x3d,
    0x8a, 0x16, 0xda, 0x3d, 0x6c, 0x1d, 0x63, 0xbd, 0xb2, 0xb1, 0xeb, 0x3d,
    0x82, 0x24, 0x70, 0x3e, 0x22, 0x7f, 0xf9, 0x3d, 0xb0, 0x84, 0xa6, 0x3c,
    0xad, 0x84, 0x20, 0xbe, 0x1a, 0x96, 0x06, 0xbd, 0x76, 0x63, 0x9a, 0x3e,
    0x27, 0x58, 0x77, 0x3e, 0x26, 0x34, 0x16, 0xbe, 0x61, 0x2f, 0x2c, 0xbe,
    0xca, 0xdd, 0xc2, 0x3d, 0x66, 0x4f, 0x06, 0x3e, 0xc1, 0xb5, 0x38, 0x3e,
    0xe7, 0xb4, 0x81, 0xbd, 0x31, 0x07, 0x82, 0x3e, 0xdb, 0x87, 0x13, 0x3e,
    0x24, 0x4d, 0x09, 0xbe, 0x4d, 0x73, 0x3f, 0x3e, 0x8d, 0xa2, 0x23, 0x3e,
    0x49, 0xa1, 0xd2, 0x3d, 0x50, 0xa2, 0x0f, 0xbe, 0x40, 0x85, 0xc7, 0x3b,
    0x09, 0x9d, 0x1f, 0xbd, 0x40, 0x33, 0x6b, 0xbc, 0xc2, 0x35, 0x4c, 0xbe,
    0x52, 0x49, 0xdc, 0x3d, 0xc8, 0xb8, 0xcf, 0x3c, 0x2d, 0xed, 0x4b, 0x3e,
    0xa0, 0x2a, 0x47, 0xbe, 0x35, 0xc1, 0x1a, 0x3e, 0xe9, 0xa8, 0x2a, 0x3e,
    0x75, 0x40, 0xe8, 0x3d, 0xb2, 0xa5, 0x82, 0xbe, 0x89, 0x15, 0x53, 0x3e,
    0x6a, 0x7e, 0xa9, 0x3d, 0x35, 0xdb, 0xca, 0x3d, 0x96, 0xb7, 0x7f, 0x3c,
    0x44, 0x4e, 0x0c, 0xbe, 0x88, 0x2d, 0x48, 0x3e, 0xfb, 0xeb, 0x4f, 0xbe,
    0x64, 0xc0, 0x1b, 0xbe, 0xa6, 0x9e, 0x8a, 0xbd, 0x8c, 0x7d, 0x49, 0x3e,
    0x72, 0x1c, 0x69, 0xbd, 0x40, 0xd0, 0xf7, 0xbb, 0x85, 0x33, 0x3e, 0x3e,
    0x0b, 0x93, 0xc9, 0xbd, 0xa7, 0xee, 0x2e, 0x3e, 0xec, 0x0c, 0x18, 0x3d,
    0xee, 0x56, 0x39, 0x3e, 0xd0, 0xaf, 0xca, 0xbc, 0xd7, 0x9a, 0xa3, 0xbd,
    0x0a, 0x50, 0x32, 0xbe, 0x97, 0x67, 0x8a, 0xbd, 0x94, 0x33, 0x61, 0xbd,
    0x40, 0x84, 0x89, 0x3d, 0x3c, 0x29, 0x3e, 0xbe, 0x33, 0xe5, 0x21, 0xbe,
    0xc9, 0x45, 0x05, 0x3e, 0x40, 0x47, 0xb8, 0x3d, 0x93, 0xc6, 0x1b, 0xbe,
    0x41, 0x47, 0xe2, 0x3d, 0x77, 0xe1, 0xf1, 0xbd, 0xdc, 0x57, 0x0c, 0xbe,
    0x94, 0x2a, 0x32, 0xbe, 0x97, 0x7d, 0x99, 0x3d, 0x73, 0xfa, 0xe8, 0x3c,
    0xd6, 0x78, 0xd7, 0xbd, 0xac, 0x70, 0x1d, 0x3d, 0x4f, 0xd6, 0xa5, 0x3d,
    0xc5, 0xd5, 0x68, 0x3e, 0xcc, 0x8e, 0x5c, 0xbd, 0xd4, 0x44, 0x41, 0x3d,
    0x25, 0xe0, 0x3b, 0x3e, 0x12, 0xb1, 0x01, 0xbe, 0xd9, 0x68, 0x79, 0x3d,
    0x27, 0xc0, 0x8d, 0x3e, 0xcf, 0x51, 0x00, 0xbe, 0xfc, 0xe4, 0xbc, 0x3d,
    0x02, 0x60, 0x4a, 0xbe, 0x7a, 0x7f, 0xf0, 0xbd, 0x30, 0x7d, 0x10, 0xbd,
    0x8f, 0x0b, 0x2e, 0xbe, 0x33, 0xc3, 0x1f, 0x3e, 0x71, 0x0b, 0x51, 0x3e,
    0xd8, 0x12, 0x85, 0xbc, 0xdb, 0xb9, 0x33, 0x3d, 0xa6, 0xab, 0xc8, 0x3d,
    0xa2, 0x27, 0x8d, 0x3d, 0xb4, 0x4b, 0x37, 0xbe, 0x3a, 0x83, 0x80, 0x3d,
    0x28, 0xb6, 0x07, 0xbe, 0xfb, 0x82, 0x9b, 0x3e, 0x1a, 0x07, 0x06, 0xbe,
    0x6f, 0xaa, 0x9e, 0xbc, 0xde, 0xfd, 0xff, 0xff, 0x04, 0x00, 0x00, 0x00,
    0x00, 0x02, 0x00, 0x00, 0x40, 0xdc, 0x6d, 0xbe, 0x08, 0x39, 0x14, 0xbe,
    0x32, 0x01, 0x01, 0x3d, 0x3a, 0x4b, 0xb1, 0x3e, 0x23, 0xcc, 0x31, 0xbe,
    0xf1, 0x88, 0x77, 0x3f, 0x26, 0x9e, 0x72, 0xbe, 0xbb, 0x4d, 0x66, 0xbe,
    0xe8, 0x7c, 0x89, 0x3e, 0x5b, 0xc4, 0x70, 0x3e, 0x02, 0xc4, 0xa2, 0xbd,
    0xd7, 0xd7, 0x05, 0x3e, 0xb0, 0x0c, 0x74, 0x3e, 0x3e, 0x5d, 0xf1, 0xbd,
    0xe3, 0xcc, 0x9c, 0xbe, 0xa5, 0xe5, 0x95, 0x3e, 0xec, 0xec, 0xff, 0x3d,
    0x24, 0x35, 0x52, 0x3e, 0x08, 0xe3, 0xff, 0x3d, 0xb4, 0xff, 0x35, 0x3e,
    0x74, 0xd0, 0x11, 0x3f, 0x8e, 0x30, 0xae, 0x3d, 0x45, 0xd1, 0xed, 0x3d,
    0x37, 0x0e, 0x61, 0x3f, 0x7b, 0x27, 0x6a, 0xbe, 0x4b, 0xdb, 0x02, 0xbf,
    0xb0, 0xbe, 0xea, 0x3c, 0x5e, 0x97, 0x30, 0xbe, 0xe8, 0x05, 0x14, 0xbc,
    0xa7, 0x41, 0xfe, 0x3e, 0x8c, 0xde, 0x95, 0x3e, 0x64, 0x48, 0x99, 0xbd,
    0x0b, 0x5e, 0x77, 0x3e, 0x42, 0xc6, 0x0b, 0x3e, 0x3c, 0xfe, 0xf0, 0xbe,
    0x2f, 0x01, 0xc6, 0xbe, 0xf8, 0xde, 0x85, 0x3e, 0xe0, 0xb4, 0x16, 0xbd,
    0xa0, 0x33, 0x0b, 0x3c, 0xf8, 0xcf, 0x63, 0x3e, 0xc4, 0x1b, 0x37, 0x3e,
    0xab, 0xdc, 0x4b, 0xbd, 0x48, 0x51, 0x3b, 0xbe, 0x5c, 0x72, 0xb3, 0x3e,
    0xf4, 0x6c, 0x6b, 0xbd, 0x85, 0x5e, 0x4f, 0x3f, 0xa2, 0xb9, 0x93, 0x3c,
    0xde, 0xb8, 0x4a, 0xbe, 0x97, 0xba, 0xaa, 0x3e, 0x09, 0x52, 0xc4, 0x3d,
    0x06, 0xd3, 0x8d, 0x3e, 0xe4, 0xf3, 0x92, 0xbe, 0xf7, 0xa5, 0xee, 0xbd,
    0x8e, 0x62, 0xa8, 0x3d, 0xb7, 0x41, 0x3c, 0xbe, 0x23, 0x0d, 0x0f, 0xbe,
    0x3e, 0xd9, 0xdf, 0xbe, 0x5a, 0xbc, 0x60, 0x3f, 0x07, 0x90, 0x75, 0xbe,
    0xd8, 0xb9, 0x1a, 0x3e, 0x0a, 0x51, 0x0a, 0xbd, 0xce, 0x29, 0xfb, 0x3c,
    0x9b, 0x36, 0x68, 0xbe, 0xf4, 0x0c, 0xcd, 0x3e, 0xfa, 0x0c, 0xa0, 0xbd,
    0x13, 0x40, 0x91, 0xbc, 0xdb, 0x23, 0xaa, 0xbd, 0x9b, 0x6a, 0x4b, 0xbd,
    0xe0, 0xef, 0x06, 0xbe, 0x67, 0xa1, 0x7e, 0xbf, 0x78, 0x61, 0x6e, 0x3e,
    0x94, 0xfb, 0x99, 0xbe, 0x6e, 0xae, 0xdf, 0xbd, 0x63, 0x4d, 0x45, 0xbe,
    0x20, 0x67, 0xd3, 0xbd, 0x48, 0x72, 0x3b, 0x3d, 0xf2, 0x65, 0xdf, 0xbc,
    0x97, 0x25, 0x03, 0x3e, 0x29, 0x52, 0x81, 0xbe, 0x22, 0x4c, 0xec, 0xbb,
    0x9f, 0xb0, 0x69, 0xbe, 0x63, 0x8c, 0x12, 0x3e, 0x46, 0x67, 0xe8, 0xbd,
    0x12, 0xc7, 0x02, 0xbe, 0xac, 0x2e, 0xa4, 0xbe, 0xe3, 0xaf, 0x11, 0xbe,
    0xd3, 0xd9, 0x24, 0x3e, 0x7a, 0x99, 0x6a, 0x3d, 0x14, 0x6a, 0xad, 0xbd,
    0x20, 0xe8, 0x43, 0xbe, 0x00, 0xdd, 0x43, 0xbe, 0xd7, 0x8f, 0x99, 0xbe,
    0xcc, 0xac, 0x75, 0x3e, 0x1f, 0x72, 0x3f, 0x3f, 0x58, 0x58, 0x01, 0x3d,
    0xf6, 0xdb, 0x89, 0xbe, 0x06, 0x14, 0xbf, 0xbd, 0x70, 0xa1, 0xf5, 0x3d,
    0x9a, 0x71, 0x42, 0xbe, 0xef, 0xe3, 0x03, 0x3d, 0xa8, 0x45, 0x9c, 0x3d,
    0x88, 0x3f, 0x92, 0x3d, 0x00, 0x58, 0x99, 0x3c, 0x11, 0xe7, 0xc0, 0xbe,
    0xd2, 0x68, 0x43, 0x3e, 0xa8, 0x5a, 0xf5, 0xbd, 0x96, 0x15, 0xaa, 0x3e,
    0x02, 0x43, 0x0a, 0x3e, 0xfc, 0x54, 0xb1, 0xbd, 0xd0, 0xee, 0x01, 0x3f,
    0xe4, 0x41, 0xeb, 0x3e, 0x70, 0x83, 0x73, 0x3e, 0x43, 0x35, 0x96, 0x3d,
    0x59, 0x6c, 0x9a, 0xbe, 0xbe, 0x49, 0x3f, 0xbe, 0x50, 0x77, 0x13, 0x3e,
    0x34, 0x5a, 0x42, 0xbe, 0x1e, 0xd2, 0x1b, 0xbe, 0x41, 0xdb, 0x0f, 0xbe,
    0xc8, 0x97, 0xfc, 0xbd, 0xae, 0x41, 0x2c, 0x3f, 0xee, 0x4e, 0xa2, 0xbd,
    0x3e, 0xa8, 0x1e, 0xbd, 0xe0, 0xc8, 0x01, 0xbe, 0xb9, 0xaa, 0x3b, 0xbe,
    0x6e, 0x0f, 0x44, 0xbc, 0x6c, 0x4c, 0xad, 0x3e, 0x91, 0xfa, 0x59, 0x3e,
    0xea, 0xff, 0xff, 0xff, 0x04, 0x00, 0x00, 0x00, 0x08, 0x00, 0x00, 0x00,
    0x89, 0xd6, 0x2b, 0xbc, 0x26, 0x0e, 0xd0, 0x3b, 0x00, 0x00, 0x06, 0x00,
    0x08, 0x00, 0x04, 0x00, 0x06, 0x00, 0x00, 0x00, 0x04, 0x00, 0x00, 0x00,
    0x00, 0x01, 0x00, 0x00, 0x00, 0x00, 0x00, 0x00, 0x7f, 0x21, 0xb2, 0xbb,
    0xf3, 0x64, 0xb4, 0xbb, 0xbb, 0xd7, 0xd1, 0x3b, 0x29, 0xc1, 0xf3, 0x3c,
    0xb9, 0x9c, 0x08, 0xbc, 0x00, 0x00, 0x00, 0x00, 0x13, 0x8d, 0x70, 0x3d,
    0x00, 0x00, 0x00, 0x00, 0x77, 0xb0, 0x85, 0xbd, 0x89, 0x42, 0xb4, 0xbb,
    0xe2, 0x02, 0x22, 0x3c, 0xc7, 0x5c, 0x97, 0xbe, 0xeb, 0x16, 0xf1, 0xbd,
    0x3d, 0xa3, 0x50, 0x3d, 0x3f, 0xbb, 0x8d, 0xbc, 0x92, 0xc7, 0x45, 0xbb,
    0x08, 0xa4, 0xfb, 0xbc, 0x00, 0x00, 0x00, 0x00, 0xb6, 0x9e, 0xb4, 0xbb,
    0xb7, 0x67, 0x91, 0xbc, 0xc6, 0x5e, 0x7b, 0xbc, 0xc6, 0x6e, 0xce, 0xbc,
    0xc2, 0x34, 0xd1, 0xbd, 0xfe, 0xe0, 0x04, 0xbd, 0x96, 0x65, 0xa0, 0x3d,
    0x00, 0x00, 0x00, 0x00, 0x00, 0x00, 0x00, 0x00, 0x5e, 0x68, 0x48, 0xbe,
    0x4b, 0xaf, 0x89, 0x3e, 0x00, 0x00, 0x00, 0x00, 0xdf, 0x9a, 0xb5, 0xbb,
    0x9e, 0xf8, 0x7d, 0xbc, 0x00, 0x00, 0x00, 0x00, 0x27, 0x38, 0xa7, 0x3d,
    0xc9, 0x4f, 0x48, 0x3e, 0x00, 0x00, 0x00, 0x00, 0x00, 0x00, 0x00, 0x00,
    0x00, 0x00, 0x00, 0x00, 0x87, 0xc6, 0x03, 0xbd, 0x00, 0x00, 0x00, 0x00,
    0xc1, 0x53, 0x5d, 0xbc, 0x15, 0xe7, 0xe3, 0xbd, 0xe6, 0x2c, 0x00, 0xbe,
    0x00, 0x00, 0x00, 0x00, 0xee, 0x04, 0x42, 0x3e, 0xd3, 0x01, 0x4f, 0xbe,
    0x00, 0x00, 0x00, 0x00, 0x64, 0x18, 0xae, 0xbc, 0x6b, 0xdd, 0xa9, 0xbc,
    0xbd, 0xd5, 0xb2, 0xbb, 0x00, 0x00, 0x00, 0x00, 0x88, 0xc0, 0x13, 0xbc,
    0x70, 0x7e, 0x32, 0xbc, 0xc2, 0xe6, 0x0f, 0xbc, 0x00, 0x00, 0x00, 0x00,
    0x31, 0xcf, 0xba, 0x3e, 0xca, 0x2c, 0xc9, 0xbd, 0xc7, 0x30, 0x9e, 0x3d,
    0x00, 0x00, 0x00, 0x00, 0x4c, 0x7a, 0x08, 0xbc, 0x64, 0x41, 0xc0, 0xbb,
    0x3c, 0x2b, 0xbd, 0xbd, 0xbc, 0xee, 0x16, 0xbe, 0x58, 0xfa, 0xff, 0xff,
    0x5c, 0xfa, 0xff, 0xff, 0x0f, 0x00, 0x00, 0x00, 0x4d, 0x4c, 0x49, 0x52,
    0x20, 0x43, 0x6f, 0x6e, 0x76, 0x65, 0x72, 0x74, 0x65, 0x64, 0x2e, 0x00,
    0x01, 0x00, 0x00, 0x00, 0x14, 0x00, 0x00, 0x00, 0x00, 0x00, 0x0e, 0x00,
    0x18, 0x00, 0x14, 0x00, 0x10, 0x00, 0x0c, 0x00, 0x08, 0x00, 0x04, 0x00,
    0x0e, 0x00, 0x00, 0x00, 0x14, 0x00, 0x00, 0x00, 0x1c, 0x00, 0x00, 0x00,
    0xe8, 0x00, 0x00, 0x00, 0xec, 0x00, 0x00, 0x00, 0xf0, 0x00, 0x00, 0x00,
    0x04, 0x00, 0x00, 0x00, 0x6d, 0x61, 0x69, 0x6e, 0x00, 0x00, 0x00, 0x00,
    0x03, 0x00, 0x00, 0x00, 0x90, 0x00, 0x00, 0x00, 0x48, 0x00, 0x00, 0x00,
    0x04, 0x00, 0x00, 0x00, 0xce, 0xff, 0xff, 0xff, 0x10, 0x00, 0x00, 0x00,
    0x00, 0x00, 0x00, 0x08, 0x0c, 0x00, 0x00, 0x00, 0x10, 0x00, 0x00, 0x00,
    0xd4, 0xfa, 0xff, 0xff, 0x01, 0x00, 0x00, 0x00, 0x09, 0x00, 0x00, 0x00,
    0x03, 0x00, 0x00, 0x00, 0x08, 0x00, 0x00, 0x00, 0x03, 0x00, 0x00, 0x00,
    0x02, 0x00, 0x00, 0x00, 0x00, 0x00, 0x0e, 0x00, 0x14, 0x00, 0x00, 0x00,
    0x10, 0x00, 0x0c, 0x00, 0x0b, 0x00, 0x04, 0x00, 0x0e, 0x00, 0x00, 0x00,
    0x10, 0x00, 0x00, 0x00, 0x00, 0x00, 0x00, 0x08, 0x10, 0x00, 0x00, 0x00,
    0x14, 0x00, 0x00, 0x00, 0xba, 0xff, 0xff, 0xff, 0x00, 0x00, 0x00, 0x01,
    0x01, 0x00, 0x00, 0x00, 0x08, 0x00, 0x00, 0x00, 0x03, 0x00, 0x00, 0x00,
    0x07, 0x00, 0x00, 0x00, 0x04, 0x00, 0x00, 0x00, 0x01, 0x00, 0x00, 0x00,
    0x00, 0x00, 0x0e, 0x00, 0x16, 0x00, 0x00, 0x00, 0x10, 0x00, 0x0c, 0x00,
    0x0b, 0x00, 0x04, 0x00, 0x0e, 0x00, 0x00, 0x00, 0x18, 0x00, 0x00, 0x00,
    0x00, 0x00, 0x00, 0x08, 0x18, 0x00, 0x00, 0x00, 0x1c, 0x00, 0x00, 0x00,
    0x00, 0x00, 0x06, 0x00, 0x08, 0x00, 0x07, 0x00, 0x06, 0x00, 0x00, 0x00,
    0x00, 0x00, 0x00, 0x01, 0x01, 0x00, 0x00, 0x00, 0x07, 0x00, 0x00, 0x00,
    0x03, 0x00, 0x00, 0x00, 0x00, 0x00, 0x00, 0x00, 0x05, 0x00, 0x00, 0x00,
    0x06, 0x00, 0x00, 0x00, 0x01, 0x00, 0x00, 0x00, 0x09, 0x00, 0x00, 0x00,
    0x01, 0x00, 0x00, 0x00, 0x00, 0x00, 0x00, 0x00, 0x0a, 0x00, 0x00, 0x00,
    0x54, 0x04, 0x00, 0x00, 0xb4, 0x03, 0x00, 0x00, 0x58, 0x03, 0x00, 0x00,
    0xf8, 0x02, 0x00, 0x00, 0x98, 0x02, 0x00, 0x00, 0x3c, 0x02, 0x00, 0x00,
    0xb8, 0x01, 0x00, 0x00, 0x08, 0x01, 0x00, 0x00, 0x50, 0x00, 0x00, 0x00,
    0x04, 0x00, 0x00, 0x00, 0xea, 0xfb, 0xff, 0xff, 0x00, 0x00, 0x00, 0x01,
    0x10, 0x00, 0x00, 0x00, 0x10, 0x00, 0x00, 0x00, 0x0a, 0x00, 0x00, 0x00,
    0x28, 0x00, 0x00, 0x00, 0xd4, 0xfb, 0xff, 0xff, 0x1b, 0x00, 0x00, 0x00,
    0x53, 0x74, 0x61, 0x74, 0x65, 0x66, 0x75, 0x6c, 0x50, 0x61, 0x72, 0x74,
    0x69, 0x74, 0x69, 0x6f, 0x6e, 0x65, 0x64, 0x43, 0x61, 0x6c, 0x6c, 0x5f,
    0x31, 0x3a, 0x30, 0x00, 0x02, 0x00, 0x00, 0x00, 0x01, 0x00, 0x00, 0x00,
    0x02, 0x00, 0x00, 0x00, 0x32, 0xfc, 0xff, 0xff, 0x00, 0x00, 0x00, 0x01,
    0x10, 0x00, 0x00, 0x00, 0x10, 0x00, 0x00, 0x00, 0x09, 0x00, 0x00, 0x00,
    0x94, 0x00, 0x00, 0x00, 0x1c, 0xfc, 0xff, 0xff, 0x85, 0x00, 0x00, 0x00,
    0x66, 0x75, 0x6e, 0x63, 0x74, 0x69, 0x6f, 0x6e, 0x61, 0x6c, 0x5f, 0x33,
    0x5f, 0x31, 0x2f, 0x73, 0x65, 0x71, 0x75, 0x65, 0x6e, 0x74, 0x69, 0x61,
    0x6c, 0x5f, 0x31, 0x2f, 0x64, 0x65, 0x6e, 0x73, 0x65, 0x5f, 0x31, 0x5f,
    0x32, 0x2f, 0x4d, 0x61, 0x74, 0x4d, 0x75, 0x6c, 0x3b, 0x66, 0x75, 0x6e,
    0x63, 0x74, 0x69, 0x6f, 0x6e, 0x61, 0x6c, 0x5f, 0x33, 0x5f, 0x31, 0x2f,
    0x73, 0x65, 0x71, 0x75, 0x65, 0x6e, 0x74, 0x69, 0x61, 0x6c, 0x5f, 0x31,
    0x2f, 0x64, 0x65, 0x6e, 0x73, 0x65, 0x5f, 0x31, 0x5f, 0x32, 0x2f, 0x52,
    0x65, 0x6c, 0x75, 0x3b, 0x66, 0x75, 0x6e, 0x63, 0x74, 0x69, 0x6f, 0x6e,
    0x61, 0x6c, 0x5f, 0x33, 0x5f, 0x31, 0x2f, 0x73, 0x65, 0x71, 0x75, 0x65,
    0x6e, 0x74, 0x69, 0x61, 0x6c, 0x5f, 0x31, 0x2f, 0x64, 0x65, 0x6e, 0x73,
    0x65, 0x5f, 0x31, 0x5f, 0x32, 0x2f, 0x42, 0x69, 0x61, 0x73, 0x41, 0x64,
    0x64, 0x00, 0x00, 0x00, 0x02, 0x00, 0x00, 0x00, 0x01, 0x00, 0x00, 0x00,
    0x40, 0x00, 0x00, 0x00, 0xe6, 0xfc, 0xff, 0xff, 0x00, 0x00, 0x00, 0x01,
    0x10, 0x00, 0x00, 0x00, 0x10, 0x00, 0x00, 0x00, 0x08, 0x00, 0x00, 0x00,
    0x8c, 0x00, 0x00, 0x00, 0xd0, 0xfc, 0xff, 0xff, 0x7f, 0x00, 0x00, 0x00,
    0x66, 0x75, 0x6e, 0x63, 0x74, 0x69, 0x6f, 0x6e, 0x61, 0x6c, 0x5f, 0x33,
    0x5f, 0x31, 0x2f, 0x73, 0x65, 0x71, 0x75, 0x65, 0x6e, 0x74, 0x69, 0x61,
    0x6c, 0x5f, 0x31, 0x2f, 0x64, 0x65, 0x6e, 0x73, 0x65, 0x5f, 0x31, 0x2f,
    0x4d, 0x61, 0x74, 0x4d, 0x75, 0x6c, 0x3b, 0x66, 0x75, 0x6e, 0x63, 0x74,
    0x69, 0x6f, 0x6e, 0x61, 0x6c, 0x5f, 0x33, 0x5f, 0x31, 0x2f, 0x73, 0x65,
    0x71, 0x75, 0x65, 0x6e, 0x74, 0x69, 0x61, 0x6c, 0x5f, 0x31, 0x2f, 0x64,
    0x65, 0x6e, 0x73, 0x65, 0x5f, 0x31, 0x2f, 0x52, 0x65, 0x6c, 0x75, 0x3b,
    0x66, 0x75, 0x6e, 0x63, 0x74, 0x69, 0x6f, 0x6e, 0x61, 0x6c, 0x5f, 0x33,
    0x5f, 0x31, 0x2f, 0x73, 0x65, 0x71, 0x75, 0x65, 0x6e, 0x74, 0x69, 0x61,
    0x6c, 0x5f, 0x31, 0x2f, 0x64, 0x65, 0x6e, 0x73, 0x65, 0x5f, 0x31, 0x2f,
    0x42, 0x69, 0x61, 0x73, 0x41, 0x64, 0x64, 0x00, 0x02, 0x00, 0x00, 0x00,
    0x01, 0x00, 0x00, 0x00, 0x40, 0x00, 0x00, 0x00, 0x92, 0xfd, 0xff, 0xff,
    0x00, 0x00, 0x00, 0x01, 0x10, 0x00, 0x00, 0x00, 0x10, 0x00, 0x00, 0x00,
    0x07, 0x00, 0x00, 0x00, 0x64, 0x00, 0x00, 0x00, 0x7c, 0xfd, 0xff, 0xff,
    0x54, 0x00, 0x00, 0x00, 0x66, 0x75, 0x6e, 0x63, 0x74, 0x69, 0x6f, 0x6e,
    0x61, 0x6c, 0x5f, 0x33, 0x5f, 0x31, 0x2f, 0x73, 0x65, 0x71, 0x75, 0x65,
    0x6e, 0x74, 0x69, 0x61, 0x6c, 0x5f, 0x31, 0x2f, 0x64, 0x65, 0x6e, 0x73,
    0x65, 0x5f, 0x31, 0x2f, 0x52, 0x65, 0x6c, 0x75, 0x3b, 0x66, 0x75, 0x6e,
    0x63, 0x74, 0x69, 0x6f, 0x6e, 0x61, 0x6c, 0x5f, 0x33, 0x5f, 0x31, 0x2f,
    0x73, 0x65, 0x71, 0x75, 0x65, 0x6e, 0x74, 0x69, 0x61, 0x6c, 0x5f, 0x31,
    0x2f, 0x64, 0x65, 0x6e, 0x73, 0x65, 0x5f, 0x31, 0x2f, 0x42, 0x69, 0x61,
    0x73, 0x41, 0x64, 0x64, 0x00, 0x00, 0x00, 0x00, 0x01, 0x00, 0x00, 0x00,
    0x40, 0x00, 0x00, 0x00, 0x12, 0xfe, 0xff, 0xff, 0x00, 0x00, 0x00, 0x01,
    0x10, 0x00, 0x00, 0x00, 0x10, 0x00, 0x00, 0x00, 0x06, 0x00, 0x00, 0x00,
    0x38, 0x00, 0x00, 0x00, 0xfc, 0xfd, 0xff, 0xff, 0x2a, 0x00, 0x00, 0x00,
    0x66, 0x75, 0x6e, 0x63, 0x74, 0x69, 0x6f, 0x6e, 0x61, 0x6c, 0x5f, 0x33,
    0x5f, 0x31, 0x2f, 0x73, 0x65, 0x71, 0x75, 0x65, 0x6e, 0x74, 0x69, 0x61,
    0x6c, 0x5f, 0x31, 0x2f, 0x64, 0x65, 0x6e, 0x73, 0x65, 0x5f, 0x31, 0x2f,
    0x4d, 0x61, 0x74, 0x4d, 0x75, 0x6c, 0x00, 0x00, 0x02, 0x00, 0x00, 0x00,
    0x40, 0x00, 0x00, 0x00, 0x01, 0x00, 0x00, 0x00, 0x6a, 0xfe, 0xff, 0xff,
    0x00, 0x00, 0x00, 0x01, 0x10, 0x00, 0x00, 0x00, 0x10, 0x00, 0x00, 0x00,
    0x05, 0x00, 0x00, 0x00, 0x3c, 0x00, 0x00, 0x00, 0x54, 0xfe, 0xff, 0xff,
    0x2c, 0x00, 0x00, 0x00, 0x66, 0x75, 0x6e, 0x63, 0x74, 0x69, 0x6f, 0x6e,
    0x61, 0x6c, 0x5f, 0x33, 0x5f, 0x31, 0x2f, 0x73, 0x65, 0x71, 0x75, 0x65,
    0x6e, 0x74, 0x69, 0x61, 0x6c, 0x5f, 0x31, 0x2f, 0x64, 0x65, 0x6e, 0x73,
    0x65, 0x5f, 0x31, 0x5f, 0x32, 0x2f, 0x4d, 0x61, 0x74, 0x4d, 0x75, 0x6c,
    0x00, 0x00, 0x00, 0x00, 0x02, 0x00, 0x00, 0x00, 0x40, 0x00, 0x00, 0x00,
    0x40, 0x00, 0x00, 0x00, 0xc6, 0xfe, 0xff, 0xff, 0x00, 0x00, 0x00, 0x01,
    0x10, 0x00, 0x00, 0x00, 0x10, 0x00, 0x00, 0x00, 0x04, 0x00, 0x00, 0x00,
    0x3c, 0x00, 0x00, 0x00, 0xb0, 0xfe, 0xff, 0xff, 0x2c, 0x00, 0x00, 0x00,
    0x66, 0x75, 0x6e, 0x63, 0x74, 0x69, 0x6f, 0x6e, 0x61, 0x6c, 0x5f, 0x33,
    0x5f, 0x31, 0x2f, 0x73, 0x65, 0x71, 0x75, 0x65, 0x6e, 0x74, 0x69, 0x61,
    0x6c, 0x5f, 0x31, 0x2f, 0x64, 0x65, 0x6e, 0x73, 0x65, 0x5f, 0x32, 0x5f,
    0x31, 0x2f, 0x4d, 0x61, 0x74, 0x4d, 0x75, 0x6c, 0x00, 0x00, 0x00, 0x00,
    0x02, 0x00, 0x00, 0x00, 0x02, 0x00, 0x00, 0x00, 0x40, 0x00, 0x00, 0x00,
    0x22, 0xff, 0xff, 0xff, 0x00, 0x00, 0x00, 0x01, 0x10, 0x00, 0x00, 0x00,
    0x10, 0x00, 0x00, 0x00, 0x03, 0x00, 0x00, 0x00, 0x3c, 0x00, 0x00, 0x00,
    0x0c, 0xff, 0xff, 0xff, 0x2d, 0x00, 0x00, 0x00, 0x66, 0x75, 0x6e, 0x63,
    0x74, 0x69, 0x6f, 0x6e, 0x61, 0x6c, 0x5f, 0x33, 0x5f, 0x31, 0x2f, 0x73,
    0x65, 0x71, 0x75, 0x65, 0x6e, 0x74, 0x69, 0x61, 0x6c, 0x5f, 0x31, 0x2f,
    0x64, 0x65, 0x6e, 0x73, 0x65, 0x5f, 0x32, 0x5f, 0x31, 0x2f, 0x42, 0x69,
    0x61, 0x73, 0x41, 0x64, 0x64, 0x00, 0x00, 0x00, 0x01, 0x00, 0x00, 0x00,
    0x02, 0x00, 0x00, 0x00, 0x7a, 0xff, 0xff, 0xff, 0x00, 0x00, 0x00, 0x01,
    0x10, 0x00, 0x00, 0x00, 0x10, 0x00, 0x00, 0x00, 0x02, 0x00, 0x00, 0x00,
    0x68, 0x00, 0x00, 0x00, 0x64, 0xff, 0xff, 0xff, 0x58, 0x00, 0x00, 0x00,
    0x66, 0x75, 0x6e, 0x63, 0x74, 0x69, 0x6f, 0x6e, 0x61, 0x6c, 0x5f, 0x33,
    0x5f, 0x31, 0x2f, 0x73, 0x65, 0x71, 0x75, 0x65, 0x6e, 0x74, 0x69, 0x61,
    0x6c, 0x5f, 0x31, 0x2f, 0x64, 0x65, 0x6e, 0x73, 0x65, 0x5f, 0x31, 0x5f,
    0x32, 0x2f, 0x52, 0x65, 0x6c, 0x75, 0x3b, 0x66, 0x75, 0x6e, 0x63, 0x74,
    0x69, 0x6f, 0x6e, 0x61, 0x6c, 0x5f, 0x33, 0x5f, 0x31, 0x2f, 0x73, 0x65,
    0x71, 0x75, 0x65, 0x6e, 0x74, 0x69, 0x61, 0x6c, 0x5f, 0x31, 0x2f, 0x64,
    0x65, 0x6e, 0x73, 0x65, 0x5f, 0x31, 0x5f, 0x32, 0x2f, 0x42, 0x69, 0x61,
    0x73, 0x41, 0x64, 0x64, 0x00, 0x00, 0x00, 0x00, 0x01, 0x00, 0x00, 0x00,
    0x40, 0x00, 0x00, 0x00, 0x00, 0x00, 0x16, 0x00, 0x18, 0x00, 0x14, 0x00,
    0x00, 0x00, 0x10, 0x00, 0x0c, 0x00, 0x08, 0x00, 0x00, 0x00, 0x00, 0x00,
    0x00, 0x00, 0x07, 0x00, 0x16, 0x00, 0x00, 0x00, 0x00, 0x00, 0x00, 0x01,
    0x14, 0x00, 0x00, 0x00, 0x14, 0x00, 0x00, 0x00, 0x01, 0x00, 0x00, 0x00,
    0x34, 0x00, 0x00, 0x00, 0x04, 0x00, 0x04, 0x00, 0x04, 0x00, 0x00, 0x00,
    0x20, 0x00, 0x00, 0x00, 0x73, 0x65, 0x72, 0x76, 0x69, 0x6e, 0x67, 0x5f,
    0x64, 0x65, 0x66, 0x61, 0x75, 0x6c, 0x74, 0x5f, 0x6b, 0x65, 0x72, 0x61,
    0x73, 0x5f, 0x74, 0x65, 0x6e, 0x73, 0x6f, 0x72, 0x5f, 0x36, 0x3a, 0x30,
    0x00, 0x00, 0x00, 0x00, 0x02, 0x00, 0x00, 0x00, 0x01, 0x00, 0x00, 0x00,
    0x01, 0x00, 0x00, 0x00, 0x01, 0x00, 0x00, 0x00, 0x10, 0x00, 0x00, 0x00,
    0x0c, 0x00, 0x0c, 0x00, 0x0b, 0x00, 0x00, 0x00, 0x00, 0x00, 0x04, 0x00,
    0x0c, 0x00, 0x00, 0x00, 0x09, 0x00, 0x00, 0x00, 0x00, 0x00, 0x00, 0x09};
#endif